6th October City,Egypt
A Coruña,Spain
Aachen,Germany
Aalborg,Denmark
Aalen,Germany
Aalst,Belgium
Aarau,Switzerland
Abeokuta,Nigeria
Aberdeen,Scotland
Abidjan,Ivory Coast
Abrantes,Portugal
Abu Dhabi,United Arab Emirates
Abuja,Nigeria
Accra,Ghana
Achna,Cyprus
Achnas,Cyprus
Adana,Turkey
Addis Ababa,Chad
Addis Ababa,Ethiopia
Adelaide,Australia
Afandou,Greece
Agios Apostolos,Greece
Ajdovščina,Slovenia
Akranes,Iceland
Al Hamriyah,United Arab Emirates
Al Wakrah,Qatar
Al-Ram,Palestine
Al-Rayyan,Qatar
Alajuela,Costa Rica
Alanya,Turkey
Albi,France
Albufeira,Portugal
Albuquerque,United States
Albury,Australia
Alcanena,Portugal
Alcorcón,Spain
Aleksinački Rudnik,FR Yugoslavia
Ålesund,Norway
Alexandria,Egypt
Algarve,Portugal
Algeciras,Spain
Algiers,Algeria
Alginet,Spain
Alicante,Spain
Alkmaar,Netherlands
Almalyk,Uzbekistan
Almaty,Kazakhstan
Almelo,Netherlands
Almendralejo,Spain
Altach,Austria
Alverca do Ribatejo,Portugal
Alvor,Portugal
Alytus,Lithuania
Amadora,Portugal
Ambato,Ecuador
Ambler,United States
Amiens,France
Amman,Jordan
Amstetten,Austria
Andorra la Vella,Andorra
Andrashida,Hungary
Andria,Italy
Anger,Austria
Angers,France
Anglesey,Wales
Angoulême,France
Angra do Heroísmo,Portugal
Ankara,Turkey
Annaba,Algeria
Ano Liossia,Greece
Ansan,South Korea
Antalya,New Zealand
Antalya,Nigeria
Antalya,Serbia
Antalya,Turkey
Antequera,Spain
Antigua Guatemala,Guatemala
Antigua,Guatemala
António,Portugal
Antwerp,Belgium
Aosta,Italy
Apia,Samoa
Apples,Switzerland
Aranda de Duero,Spain
Aranjuez,Spain
Araraquara,Brazil
Arcos de la Frontera,Spain
Ariana,Tunisia
Arima,Trinidad and Tobago
Arklow,Republic of Ireland
Armavir,Armenia
Armenia,Armenia
Armenia,Colombia
Arnhem,Netherlands
Arnos Vale,Saint Vincent and the Grenadines
Arta,Greece
Arzachena,Italy
Aschaffenburg,Germany
Ascoli Piceno,Italy
Asmara,Eritrea
Aspach,Germany
Astana,Kazakhstan
Asunción,Paraguay
Ath,Belgium
Athens Georgia,United States
Athens,Greece
Atlanta,United States
Auckland,New Zealand
Augsburg,Germany
Austin,United States
Austria,Austria
Auxerre,France
Aversa,Italy
Avilés,Spain
Avranches,France
Ayr,Scotland
Azogues,Ecuador
Ba,Fiji
Baar,Switzerland
Bacolet,Trinidad and Tobago
Bacolod,Philippines
Badajoz,Spain
Bagno a Ripoli,Italy
Bahir Dar,Ethiopia
Baja,Hungary
Bakau,Gambia
Baku,Azerbaijan
Ballymena,Northern Ireland
Balmazújváros,Hungary
Bamako,Mali
Banatski Dvor,Serbia
Bangkok,Thailand
Bangor,Northern Ireland
Bangor,Wales
Bangui,Central African Republic
Baraki,Algeria
Barcelos,Portugal
Bari,Italy
Barnsley,England
Barotac Nuevo,Philippines
Barquisimeto,Venezuela
Barranquilla,Colombia
Barreiro,Portugal
Barry,Wales
Bærum,Norway
Barysaw,Belarus
Basel,Switzerland
Bassano del Grappa,Italy
Basseterre,Saint Kitts and Nevis
Bat Yam,Israel
Bata,Equatorial Guinea
Bayamón,Mexico
Bayamón,Puerto Rico
Bayreuth,Germany
Beauvais,France
Beggen,Luxembourg
Beijing,China PR
Beit She'an,Israel
Beja,Portugal
Bekkestua,Norway
Belek,Turkey
Belfast,Northern Ireland
Belgrade,FR Yugoslavia
Belgrade,Serbia
Belmopan,Belize
Belo Horizonte,Brazil
Belsele,Belgium
Benavente,Portugal
Bendigo,Australia
Benevento,Italy
Bengaluru,India
Benguela,Angola
Benicàssim,Spain
Benin,Benin
Benslimane,Morocco
Bergen,Norway
Bergisch Gladbach,Germany
Berkane,Morocco
Berlin,Germany
Bern,Switzerland
Berrechid,Morocco
Besançon,France
Bettembourg,Luxembourg
Bhubaneswar,India
Biała Podlaska,Poland
Biel,Switzerland
Biel/Bienne,Switzerland
Bielefeld,Germany
Bielsko-Biała,Poland
Bilbao,Spain
Biñan,Philippines
Binningen,Switzerland
Biratnagar,Nepal
Birkenhead,England
Birmingham,England
Birmingham,United States
Bishkek,Kyrgyzstan
Bissau,Guinea-Bissau
Bizerte,Tunisia
Blackburn,England
Blackpool,England
Blagoevgrad,Bulgaria
Blaine,United States
Blantyre,Malawi
Bletchley,England
Blida,Algeria
Bloemfontein,South Africa
Blois,France
Blšany,Czech Republic
Bo,Sierra Leone
Bobruisk,Belarus
Boca Raton,United States
Bochum,Germany
Boddam,Shetland
Bodø,Norway
Bogota,Colombia
Bologna,Italy
Bolzano,Italy
Borås,Sweden
Bordeaux,France
Borispol,Ukraine
Borlänge,Sweden
Boryspil,Ukraine
Bosnia and Herzegovina,Bosnia and Herzegovina
Botoșani,Romania
Boulari,New Caledonia
Boulogne-sur-Mer,France
Bournemouth,England
Bradenton,United States
Bradford,England
Brading,Isle of Wight
Bragança Paulista,Brazil
Brande,Denmark
Brasília,Brazil
Bratislava,Czechoslovakia
Bratislava,Slovakia
Braunschweig,Germany
Bray,Republic of Ireland
Brazzaville,Congo
Brașov,Romania
Breda,Netherlands
Breitenbach,Switzerland
Bremen,Germany
Brentford,England
Brest,Belarus
Breza,Bosnia and Herzegovina
Bridgetown,Barbados
Bridgeview,United States
Brighton and Hove,England
Brighton,England
Brisbane,Australia
Bristol,England
Brøndby,Denmark
Broughton,Wales
Bruay-la-Buissière,France
Bruce,Australia
Bruck an der Mur,Austria
Bruckneudorf,Austria
Brugg,Switzerland
Brumov-Bylnice,Czech Republic
Brussel,Belgium
Brussels,Belgium
Bucaramanga,Colombia
Bucharest,Romania
Bucheon,South Korea
Budaörs,Hungary
Budapest,Hungary
Buenos Aires,Argentina
Buffalo Grove,United States
Buftea,Romania
Buje,Croatia
Buk,Hungary
Bük,Hungary
Bulawayo,Zimbabwe
Bulgaria,Bulgaria
Bulle,Switzerland
Bunbury,Australia
Burgdorf,Switzerland
Burghausen,Germany
Burgos,Spain
Burra,Shetland
Bursa,Turkey
Burton-on-Trent,England
Busan,South Korea
Cáceres,Spain
Caen,France
Cagliari,Italy
Cairo,Egypt
Calais,France
Cali,Colombia
Calicut,India
Callao,Peru
Cambrai,France
Cameroon,Cameroon
Campina Grande,Brazil
Câmpina,Romania
Canberra,Australia
Cancún,Mexico
Cannes-la-Bocca,France
Cantanhede,Portugal
Caorle,Italy
Cape Coast,Ghana
Cape Town,South Africa
Caracas,Venezuela
Cardiff,Wales
Carlton,Australia
Carrara,Italy
Carson,El Salvador
Carson,Guyana
Carson,Haiti
Carson,United States
Cartagena,Colombia
Cartagena,Spain
Cartago,Costa Rica
Cartaxo,Portugal
Cary,United States
Casablanca,Morocco
Caseros,Argentina
Caslano,Switzerland
Castanet-Tolosan,France
Castel di Sangro,Italy
Castelfranco di Sotto,Italy
Castellammare di Stabia,Italy
Castelló de la Plana,Spain
Castelsarrasin,France
Celje,Slovenia
Cesena,Italy
Cesenatico,Italy
Ceské Budejovice,Czech Republic
Chamazi,Tanzania
Changwon,South Korea
Changzhou,China PR
Charentsavan,Armenia
Charleston,United States
Charlotte Amalie,United States Virgin Islands
Charlotte,United States
Charlton,England
Châteauroux,France
Châtel-St-Denis,Switzerland
Chattanooga,United States
Chemnitz,Germany
Chengdu,China PR
Cheonan,South Korea
Cheongju,South Korea
Chernigiv,Ukraine
Chernihiv,Ukraine
Chester,United States
Chiajna,Romania
Chiang Mai,Thailand
Chiba,Japan
Chicago,United States
Chincha,Peru
Chingola,Zambia
Chișinău,Moldova
Chomutov,Czech Republic
Chonburi,Thailand
Chongqing,China PR
Christchurch,Costa Rica
Christchurch,New Zealand
Chuncheon,South Korea
Cincinatti,United States
Cincinnati,United States
Ciney,Belgium
Città di Castello,Italy
Ciudad Juárez,Mexico
Ciudad de Guatemala,Guatemala
Ciudad de Panamá,Panama
Cleethorpes,England
Clermont,France
Clermont-Ferrand,France
Cleveland,United States
Cluj-Napoca,Romania
Cochabamba,Bolivia
Coffs Harbour,Australia
Coimbra,Portugal
Colchester,England
Coleraine,Northern Ireland
Collado Villalba,Spain
Colombo,Sri Lanka
Columbus,United States
Comayagua,Honduras
Commerce City,United States
Como,Italy
Conakry,Guinea
Copenhagen,Denmark
Coquimbo,Chile
Córdoba,Argentina
Córdoba,Spain
Cork,Republic of Ireland
Cornellà de Llobregat,Spain
Çorum,Turkey
Cosenza,Italy
Côte d'Ivoire,Ivory Coast
Cotonou,Benin
Cottbus,Germany
Couva,Trinidad and Tobago
Coventry,England
Covilhã,Portugal
Cowes,Isle of Wight
Cox's Bazar,Bangladesh
Cremona,Italy
Creteil,France
Créteil,France
Crewe,England
Croatia,Croatia
Crotone,Italy
Cuenca,Ecuador
Cuenca,Spain
Cumbernauld,Scotland
Cunningsburgh,Shetland
Curepipe,Mauritius
Curicó,Chile
Czech Republic,Czech Republic
Czechoslovakia,Czechoslovakia
Cẩm Phả,Vietnam
Daegu,South Korea
Daejeon,South Korea
Dajla,Croatia
Dakar,Senegal
Dalhem,Sweden
Dallas,United States
Dar Es Salaam,Tanzania
Dar es Salaam,Tanzania
Dasaki Achnas,Cyprus
Daveyton,South Africa
Davie,United States
Debrecen,Hungary
Décines-Charpieu,France
Dededo,Guam
Deeside,Wales
Delft,Netherlands
Delmenhorst,Germany
Delta,Nigeria
Den Haag,Netherlands
Den Ham,Netherlands
Denekamp,Netherlands
Denver,United States
Derry,Northern Ireland
Deryneia,Cyprus
Dessau,Germany
Dessel,Belgium
Detroit,United States
Deventer,Netherlands
Devonshire Parish,Bermuda
Dhaka,Bangladesh
Differdange,Luxembourg
Dijon,France
Dik El Mehdi,Lebanon
Diriamba,Nicaragua
Doetinchem,Netherlands
Doha,Qatar
Domžale,Slovenia
Don Benito,Spain
Doncaster,England
Donetsk,Ukraine
Dorking,England
Douala,Cameroon
Douglas,Isle of Man
Dounby,Scotland
Drachten,Netherlands
Drama,Greece
Drammen,Norway
Dravograd,Slovenia
Dresden,Germany
Drogheda,Republic of Ireland
Dronvice,Czech Republic
Druskininkai,Lithuania
Dubai,United Arab Emirates
Dublin,Republic of Ireland
Dugopolje,Croatia
Duisburg,Germany
Dumbarton,Scotland
Dumfries,Scotland
Dunajska Streda,Slovakia
Dunaujvaros,Hungary
Dundee,Scotland
Dunedin,New Zealand
Dunfermline,Scotland
Durban,South Africa
Durres,Albania
Durrës,Albania
Dushanbe,Tajikistan
Düsseldorf,Germany
Duyun,China PR
East Cowes,Isle of Wight
East Hartford,United States
East Rutherford,United States
Ebibeyin,Equatorial Guinea
Edinburg,United States
Edinburgh,Scotland
Edmonton,Canada
Eger,Hungary
Eindhoven,Netherlands
El Salvador,El Salvador
Elazığ,Turkey
Elbasan,Albania
Elverum,Norway
Empoli,Italy
Encamp,Andorra
England,England
Enschede,Netherlands
Equatorial Guinea,Equatorial Guinea
Erfurt,Germany
Erzincan,Turkey
Erzurum,Turkey
Esbjerg,Denmark
Esch-sur-Alzette,Luxembourg
Eschen,Liechtenstein
Eskilstuna,Sweden
Eskişehir,Turkey
Espargos,Cape Verde
Espírito Santo,Brazil
Espoo,Finland
Essen,Germany
Estádio Algarve,Portugal
Esteli,Nicaragua
Estelí,Nicaragua
Estonia,Estonia
Estoril,Portugal
Ethiopia,Ethiopia
Ettelbruck,Luxembourg
Eupen,Belgium
Évora,Portugal
Ezeiza,Argentina
Falkenberg,Sweden
Falkirk,Scotland
Falmer,England
Fão,Portugal
Fardhem,Sweden
Faro,Portugal
Faro-Loulé,Portugal
Faro/Loulé,Portugal
Fårösund,Sweden
Farum,Denmark
Felcsút,Hungary
Felgueiras,Portugal
Ferrara,Italy
Ferreiras,Portugal
Fethiye,Turkey
Fiães,Portugal
Fier,Albania
Figueres,Spain
Finland,Finland
Finstown,Scotland
Finström,Finland
Firenze,Italy
Fislisbach,Switzerland
Florence,Italy
Florida,Argentina
Fort Lauderdale,United States
Fort-de-France,Martinique
Fortaleza,Brazil
Foshan,China PR
Foxborough,United States
Francavilla al Mare,Italy
France,France
Franceville,Gabon
Francistown,Botswana
Frankfurt,Germany
Fraser Park,Shetland
Frauenfeld,Switzerland
Frederikshavn,Denmark
Fredrikstad,Norway
Freetown,Sierra Leone
Freistadt,Austria
Fribourg,Switzerland
Frisco,United States
Fristad,Sweden
Frýdek-Místek,Czechoslovakia
Fuenlabrada,Spain
Fukuoka,Japan
Fukuyama,Japan
Fulda,Germany
Fullerton,United States
Funchal,Portugal
Fürth,Germany
Fußach,Austria
Fyli,Greece
Gaborone,Botswana
Gafanha da Nazaré,Portugal
Gandia,Spain
Gangtok,India
Gavà,Spain
Gävle,Sweden
Gdansk,Poland
Gdańsk,Poland
Gdynia,Poland
Geel,Belgium
Geelong,Australia
Gemert,Netherlands
Geneva,Switzerland
Genoa,Italy
Genova,Italy
George Town,Cayman Islands
Georgetown,Guyana
Georgia,United States
Germany,Germany
Germiston,South Africa
Ghana,Ghana
Gibraltar,Gibraltar
Gifhorn,Germany
Gilbertson Park,Shetland
Gillingham,England
Gimhae,South Korea
Glasgow,Scotland
Gleisdorf,Austria
Glendale,United States
Gold Coast,Australia
Gori,Georgia
Gorlice,Poland
Gornji Milanovac,Serbia
Gorzów,Poland
Gosford,Australia
Gossau,Switzerland
Göteborg,Sweden
Gothenburg,Sweden
Goyang,South Korea
Gozo,Malta
Gqeberha,South Africa
Greece,Greece
Greenock,Scotland
Grenoble,France
Grodno,Belarus
Grodzisk Wielkopolski,Poland
Groningen,Netherlands
Gros Islet,Saint Lucia
Guadalajara,Mexico
Guadalajara,Spain
Guadalupe,Mexico
Guangdong,China PR
Guangzhou,China PR
Guatemala City,Guatemala
Guayaquil,Ecuador
Gubbio,Italy
Guia,Portugal
Guimarães,Portugal
Guinea,Guinea
Guingamp,France
Gurgaon,India
Gvarv,Norway
Gyöngyös,Hungary
Györ,Hungary
Győr,Hungary
Haapsalu,Estonia
Hai Phong,Vietnam
Haifa,Israel
Haiphong,Vietnam
Haiti,Haiti
Halden,Norway
Halifax,Canada
Halle,Germany
Halmstad,Sweden
Hamilton,Bermuda
Hamilton,Canada
Hamilton,New Zealand
Hammam Sousse,Tunisia
Hamrun,Malta
Hanam,South Korea
Hangzhou,China PR
Hanoi,Vietnam
Hanover,Germany
Harare,Zimbabwe
Harbison Park,Shetland
Harrison,United States
Hartford,United States
Havana,Cuba
Haverfordwest,Wales
Heerenveen,Netherlands
Heidenheim,Germany
Helmond,Netherlands
Helsingborg,Sweden
Helsinki,Finland
Hemse,Sweden
Heraklio,Greece
Heraklion,Greece
Heredia,Costa Rica
Herford,Germany
Herning,Denmark
Herzliya,Israel
Heverlee,Belgium
Hidalgo,Mexico
High Wycombe,England
Hiroshima,Japan
Hisor,Tajikistan
Hjørring,Denmark
Ho Chi Minh City,Vietnam
Hodonín,Czechoslovakia
Holm,Scotland
Hønefoss,Norway
Hong Kong,Hong Kong
Honiara,Solomon Islands
Honolulu,United States
Hoogeveen,Netherlands
Horn,Austria
Horsens,Denmark
Horsham,United States
Horten,Norway
Hostert,Luxembourg
Houston,United States
Hradec Králové,Czech Republic
Hrasnica,Bosnia and Herzegovina
Hsinying City,Taiwan
Huelva,Spain
Hungary,Hungary
Hwaseong,South Korea
Hyvinkää,Finland
Iaşi,Romania
Ibadan,Nigeria
Ibhayi,South Africa
Ibiza,Spain
Iceland,Iceland
Icheon,South Korea
Idestrup,Denmark
Ijebu Ode,Nigeria
Ikenne,Nigeria
Iloilo City,Philippines
Ilıca,Turkey
Imus,Philippines
Incheon,South Korea
Inglewood,United States
Ingolstadt,Germany
Interlaken,Switzerland
Inverness,Scotland
Inđija,Serbia
Isa Town,Bahrain
Isahaya,Japan
Isernia,Italy
Isla Margarita,Venezuela
Islamabad,Pakistan
Ismailia,Egypt
Israel,Israel
Istanbul,Turkey
Istocno Sarajevo,Bosnia and Herzegovina
Istria,Croatia
Ivančna Gorica,Slovenia
Ivory Coast,Ivory Coast
Izmir,Turkey
Jablonec nad Nisou,Czech Republic
Jacksonville,United States
Jakarta,Indonesia
Jakobstad,Finland
Jakovo,Serbia
Jamaica,Jamaica
Jaworzno,Poland
Jeddah,Saudi Arabia
Jelgava,Latvia
Jena,Germany
Jeonju,South Korea
Jerez De La Frontera,Spain
Jersey,Jersey
Jesolo,Italy
Jiangmen,China PR
Jiaxing,China PR
Jinan,China PR
Jinja,Uganda
Joao Pessoa,Brazil
Johannesburg,South Africa
Jonava,Lithuania
Jonkoping,Sweden
Jönköping,Sweden
Jounie,Lebanon
Jounieh,Lebanon
Juba,South Sudan
Junglinster,Luxembourg
Jūrmala,Latvia
Kaatsheuvel,Netherlands
Kaduna,Nigeria
Kaiserslautern,Germany
Kalmar,Sweden
Kampala,Uganda
Kanazawa,Japan
Kansas City,United States
Kaohsiung,Taiwan
Kapellen,Belgium
Kapfenberg,Austria
Karaganda,Kazakhstan
Karagandy,Kazakhstan
Karditsa,Greece
Kardzhali,Bulgaria
Kargıcak,Turkey
Karis,Finland
Karlovac,Croatia
Karlskoga,Sweden
Karlstad,Sweden
Kasarani,Kenya
Kashima,Japan
Kassel,Germany
Katerini,Greece
Kathmandu,Nepal
Katwijk,Netherlands
Kaunas,Lithuania
Kauniainen,Finland
Kavala,Greece
Kazakhstan,Kazakhstan
Kecskemet,Hungary
Kecskemét,Hungary
Kentucky,United States
Kerava,Finland
Kerkrade,Netherlands
Kfar Saba,Israel
Khimki,Russia
Khobar,Saudi Arabia
Kidričevo,Slovenia
Kielce,Poland
Kiev,Ukraine
Kigali,Rwanda
Kilmarnock,Scotland
Kingston upon Thames,England
Kingston,Jamaica
Kingstown,Saint Vincent and the Grenadines
Kinkala,Congo
Kinshasa,DR Congo
Kirkwall,Scotland
Kisvárda,Hungary
Kitakyushu,Japan
Kiustendil,Bulgaria
Kladno,Czech Republic
Klaksvík,Faroe Islands
Klepp,Norway
Knurów,Poland
Kobe,Japan
Koblenz,Germany
Kokopo,Papua New Guinea
Koksijde,Belgium
Kolbotn,Norway
Kolding,Denmark
Koléa,Algeria
Komló,Hungary
Komotini,Greece
Koné,New Caledonia
Kongsvinger,Norway
Konin,Poland
Koog aan de Zaan,Netherlands
Kopavogur,Iceland
Kópavogur,Iceland
Koper,Slovenia
Koprivnica,Croatia
Koskinou,Greece
Kota Kinabalu,Malaysia
Kotka,Finland
Kovalivka,Ukraine
Kragujevac,Serbia
Kraków,Poland
Kranj,Slovenia
Krapina,Croatia
Krasnoarmeysk,Russia
Kravare,Czech Republic
Kremasti,Greece
Krems an der Donau,Austria
Kristiansand,Norway
Krusevac,FR Yugoslavia
Kruševac,FR Yugoslavia
Kruševac,Serbia
Kruševac,Serbia and Montenegro
Krško,Slovenia
Kuala Lumpur,Malaysia
Kuching,Malaysia
Kula,FR Yugoslavia
Kumamoto,Japan
Kumanovo,Macedonia
Kumasi,Ghana
Kuressaare,Estonia
Kutina,Croatia
Kutno,Poland
KwaZakele,South Africa
Kyiv,Ukraine
Kyoto,Japan
Kędzierzyn-Koźle,Poland
L´Hospitalet de Llobregat,Spain
La Calera,Chile
La Louvière,Belgium
La Manga,Spain
La Nucia,Spain
La Punta,Argentina
La Rioja,Argentina
La Roche-sur-Yon,France
La Roda,Spain
La Serena,Chile
La Spezia,Italy
Lae,Papua New Guinea
Lagoa,Portugal
Lagos,Nigeria
Lagos,Portugal
Lahti,Finland
Lajkovac,Serbia and Montenegro
Landover,United States
Langenrohr,Austria
Langford,Canada
Lanžhot,Czech Republic
Larissa,Greece
Larnaca,Cyprus
Larne,Northern Ireland
Las Rozas de Madrid,Spain
Latacunga,Ecuador
Latina,Italy
Latvia,Latvia
Lausanne,Switzerland
Lautoka,Fiji
Laval,France
Lazarevac,Serbia and Montenegro
Lázně Bohdaneč,Czech Republic
Le Creusot,France
Le Havre,France
Le Mans,France
Le Port,Réunion
Le Touquet,France
Leckwith,Wales
Leeds,England
Leeuwarden,Netherlands
Leganés,Spain
Leicester,England
Leigh,England
Leiria,Portugal
Lendava,Slovenia
Lens,France
León,Mexico
Leonora,Guyana
Leopoldsdorf,Austria
Leskovac,Serbia
Leuven,Belgium
Levanto,Italy
Leverkusen,Germany
Levice,Slovakia
Liberec,Czech Republic
Libreville,Gabon
Liepāja,Latvia
Lier,Belgium
Lifou,New Caledonia
Lignano Sabbiadoro,Italy
Lilleström,Norway
Lillestrøm,Norway
Lilongwe,Malawi
Lima,Peru
Limassol,Cyprus
Limbe,Cameroon
Linköping,Sweden
Linz,Austria
Lisbon,Portugal
Lismore,Australia
Livadia,Greece
Livingston,Scotland
Ljubljana,Slovenia
Llanelli,Wales
Lobamba,Eswatini
Lobatse,Botswana
Lod,Israel
Logan,Australia
Logroño,Spain
Loison-sous-Lens,France
Loja,Ecuador
Lomé,Togo
Lommel,Belgium
London,Australia
London,England
Longeville-lès-Metz,France
Longford,Republic of Ireland
Lorient,France
Los Angeles,United States
Louisville,United States
Loulé,Portugal
Lovech,Bulgaria
Loznica,Serbia
Luanda,Angola
Lubango,Angola
Lübeck,Germany
Lublin,Poland
Lubumbashi,DR Congo
Lucé,France
Lucena,Spain
Lucerne,Switzerland
Lüdenscheid,Germany
Ludgeřovice,Czech Republic
Lugano,Switzerland
Lüneburg,Germany
Luque,Paraguay
Lurgan,Northern Ireland
Lusaka,Zambia
Luton,England
Luxembourg,Luxembourg
Lviv,Ukraine
Lyon,France
Maasmechelen,Belgium
Macau,China PR
Machakos,Kenya
Machelen,Belgium
Macoya,Trinidad and Tobago
Madrid,Spain
Maia,Portugal
Makeni,Sierra Leone
Malabo,Equatorial Guinea
Malaga,Spain
Málaga,Spain
Malawi,Malawi
Malmö,Sweden
Mamer,Luxembourg
Managua,Nicaragua
Manama,Bahrain
Manaus,Brazil
Manavgat,Turkey
Manchester,England
Mandal,Norway
Mandalay,Malaysia
Mandalay,Myanmar
Manila,Philippines
Manisa,Turkey
Mannheim,Germany
Mantova,Italy
Manzini,Eswatini
Maputo,Mozambique
Mar del Plata,Argentina
Marabella,Trinidad and Tobago
Marbella,Spain
Marburg,Germany
Maré,New Caledonia
Maria Enzersdorf,Austria
Mariehamn,Finland
Mariestad,Sweden
Marijampolė,Lithuania
Marikina,Philippines
Maringá,Brazil
Mariupol,Ukraine
Marly,Switzerland
Marrakesh,Morocco
Marseille,France
Martigues,France
Marugame,Japan
Masan,South Korea
Maseru,Lesotho
Massachusetts,United States
Matsuyama,Japan
Mayagüez,Puerto Rico
Mayagüez,Venezuela
Mbagala,Tanzania
Mbombela,South Africa
Meaux,France
Meizhou,China PR
Melbourne,Australia
Melilla,Spain
Melun,France
Mensdorf,Luxembourg
Merida,Mexico
Mérida,Mexico
Mersin,Turkey
Merthyr Tydfil,Wales
Mestre,Italy
Metz,France
Mexico City,Mexico
Mexico,Mexico
Miami,United States
Michalovce,Slovakia
Middlesbrough,England
Mielec,Poland
Mikkeli,Finland
Milan,Italy
Milton Keynes,England
Minneapolis,United States
Minsk,Belarus
Miskolc,Hungary
Mitsamiouli,Comoros
Modena,Italy
Modum,Norway
Mogilev,Belarus
Mogoşoaia,Romania
Mogoșoaia,Romania
Mohammedia,Morocco
Mohammédia,Morocco
Molde,Norway
Molina de Segura,Spain
Mölndal,Sweden
Molodechno,Belarus
Mönchengladbach,Germany
Moncton,Canada
Mondercange,Luxembourg
Mongomo,Equatorial Guinea
Monrovia,Liberia
Mons,Belgium
Montbéliard,France
Montechoro,Portugal
Montego Bay,Jamaica
Montereale Valcellina,Italy
Montero,Bolivia
Montevideo,Uruguay
Montpellier,France
Montreal,Canada
Monza,Italy
Moreira de Cónegos,Portugal
Morocco,Morocco
Moscow,Russia
Moss,Norway
Motherwell,Scotland
Motijheel,Bangladesh
Motril,Spain
Mouscron,Belgium
Mozambique,Mozambique
Mozyr,Belarus
Muharraq,Bahrain
Mumbai,India
Murcia,Spain
Murska Sobota,Slovenia
N'Djamena,Chad
Nadderud,Norway
Nagai,Japan
Nagano,Japan
Nairobi,Kenya
Nakhon Ratchasima,Thailand
Nakhon Sawan,Thailand
Nalchik,Russia
Namur,Belgium
Nantes,France
Napier,New Zealand
Naples,Italy
Napoli,Italy
Nashville,United States
Nasrec,South Africa
Nassau,Bahamas
Natal,Brazil
Naters,Switzerland
Nausori,Fiji
Navi Mumbai,India
Ndola,Zambia
Nea Kallikratia,Greece
Nelas,Portugal
Nesbyen,Norway
Ness Ziona,Israel
Neuchâtel,Switzerland
New Britain,United States
New Hyde Park,United States
New Jersey,United States
New Orleans,United States
New South Wales,Australia
New Taipei City,Taiwan
New York,United States
Newcastle,Australia
Newcastle,England
Newport,Isle of Wight
Newport,Wales
Newry,Northern Ireland
Newtown,Wales
Ngozi,Burundi
Niamey,Niger
Nice,France
Nicosia,Cyprus
Niederbronn,France
Niederkorn,Luxembourg
Nigeria,Nigeria
Nijmegen,Netherlands
Nikšić,Montenegro
Nîmes,France
Nisporeni,Moldova
Nitra,Slovakia
Niš,FR Yugoslavia
Niš,Serbia
Niš,Serbia and Montenegro
Njeru,Uganda
Norrköping,Sweden
North Side,Cayman Islands
North Sound,Antigua and Barbuda
Northern Ireland,Northern Ireland
Norwich,England
Nottingham,England
Nouakchott,Mauritania
Nouméa,New Caledonia
Nova Gorica,Slovenia
Novara,Italy
Novi Sad,FR Yugoslavia
Nowy Sącz,Poland
Nukuʻalofa,Tonga
Nur-Sultan,Kazakhstan
Nuremberg,Germany
Nürnberg,Germany
Nuth,Netherlands
Nynäshamn,Sweden
Nyon,Switzerland
Oakfield,Isle of Wight
Oakford,United States
Oberdorf,Switzerland
Öckerö,Sweden
Odense,Denmark
Oeiras,Portugal
Offenbach am Main,Germany
Offenbach,Germany
Oghara,Nigeria
Ohio,United States
Ohrid,North Macedonia
Oldenburg,Germany
Olhão,Portugal
Oneonta,United States
Oosterhout,Netherlands
Opava,Czech Republic
Oradea,Romania
Orangestad,Aruba
Oranjestad,Aruba
Örebro,Sweden
Orhei,Moldova
Oristano,Italy
Orlando,United States
Orleans,France
Orléans,France
Osaka,Japan
Osijek,Croatia
Oslo,Norway
Osnabrück,Germany
Ostrava,Czech Republic
Ostrowiec,Poland
Ostrołęka,Poland
Osuna,Spain
Otepää,Estonia
Otopeni,Romania
Ottawa,Canada
Ottensheim,Austria
Ouagadougou,Burkina Faso
Oued Ellil,Tunisia
Oujda,Morocco
Ovalle,Chile
Ovidiu,Romania
Öxabäck,Sweden
Ozoir-la-Ferrière,France
Ozolnieki,Latvia
Pachuca,Mexico
Paços de Ferreira,Portugal
Paderborn,Germany
Paderne,Portugal
Padova,Italy
Padua,Italy
Paisley,Scotland
Palamós,Spain
Palembang,Indonesia
Palencia,Spain
Palermo,Italy
Palma del Río,Spain
Palma,Spain
Pamplona,Spain
Panama City,Panama
Panyu,China PR
Paola,Malta
Paonta Sahib,India
Pápa,Hungary
Paralimni,Cyprus
Paramaribo,Suriname
Parchal,Portugal
Pardubice,Czech Republic
Paris,France
Parma,Italy
Pärnu,Estonia
Paroi,Vietnam
Parque del Leste,Dominican Republic
Pasadena,United States
Pasching,Austria
Passau,Germany
Paterson,United States
Pathum Thani,Thailand
Patras,Greece
Pauillac,France
Pavlodar,Kazakhstan
Paynesville,Liberia
Penafiel,Portugal
Peñalolén,Chile
Pennsylvania,United States
Penonome,Panama
Penonomé,Panama
Penrith,Australia
Perth,Australia
Perth,Scotland
Perugia,Italy
Petah Tikva,Israel
Petrovac,Montenegro
Pećinci,Serbia
Pforzheim,Germany
Philadelphia,United States
Philippines,Philippines
Phnom Penh,Cambodia
Phoenix,United States
Phú Thọ,Vietnam
Piekary Śląskie,Poland
Piggotts,Antigua and Barbuda
Pikine,Senegal
Pilsen,Czech Republic
Pimville,South Africa
Piscataway,United States
Písek,Czech Republic
Pitești,Romania
Pittsburgh,United States
Plasencia,Spain
Plovdiv,Bulgaria
Podgorica,Montenegro
Podolsk,Russia
Podujevo,Kosovo
Pokhara,Nepal
Poland,Poland
Polkowice,Poland
Põlva,Estonia
Polykastro,Greece
Pombal,Portugal
Pontevedra,Spain
Poprad,Slovakia
Poreč,Croatia
Porsgrunn,Norway
Port Elizabeth,South Africa
Port Moresby,New Caledonia
Port Moresby,Papua New Guinea
Port of Spain,Mexico
Port of Spain,Trinidad and Tobago
Port-au-Prince,Haiti
Portadown,Northern Ireland
Portalegre,Portugal
Portici,Italy
Portimão,Portugal
Portland,United States
Porto,Portugal
Porto-Novo,Benin
Portsmouth,England
Porvoo,Finland
Potenza,Italy
Póvoa de Varzim,Portugal
Pozoblanco,Spain
Požarevac,Serbia
Prague 20,Czech Republic
Prague,Czech Republic
Praia,Cape Verde
Preston,England
Pretoria,South Africa
Prešov,Slovakia
Prilep,Macedonia
Pristina,Kosovo
Providenciales,Turks and Caicos Islands
Pruszków,Poland
Ptuj,Slovenia
Púchov,Czechoslovakia
Puebla,Mexico
Puerto Rico,Puerto Rico
Pula,Croatia
Pune,India
Pyla,Cyprus
Pyongyang,North Korea
Příbram,Czech Republic
Qingdao,China PR
Qinhuangdao,China PR
Quarteira,Portugal
Quillón,Chile
Quimper,France
Quito,Ecuador
Quảng Ninh,Vietnam
Raalte,Netherlands
Rabat,Morocco
Racibórz,Poland
Radomlje,Slovenia
Rakvere,Estonia
Ramat Gan,Israel
Rancagua,Chile
Raudondvaris,Lithuania
Razlog,Bulgaria
Reading,England
Recife,Brazil
Regensburg,Germany
Reggio Emilia,Italy
Reims,France
Rendall,Scotland
Renens,Switzerland
Rennes,France
Republic of Ireland,Republic of Ireland
Rethymno,Greece
Reutlingen,Germany
Reykjavik,Iceland
Reykjavík,Iceland
Rheine,Germany
Rhyl,Wales
Riccione,Italy
Richmond,United States
Ried im Innkreis,Austria
Rieti,Italy
Riffa,Bahrain
Rifu,Japan
Riga,Latvia
Rijeka,Croatia
Rijsoord,Netherlands
Rimini,Italy
Rincon,Bonaire
Rio Maior,Portugal
Rio de Janeiro,Brazil
Riobamba,Ecuador
Rishon LeZion,Israel
Ritzing,Austria
Riva,Turkey
Road Town,British Virgin Islands
Rochester,United States
Roma,Italy
Romania,Romania
Rome,Italy
Ronneby,Sweden
Roseau,Dominica
Rostock,Germany
Rostov-on-Don,Russia
Rotherham,England
Rotterdam,Netherlands
Roudnice nad Labem,Czech Republic
Rovinj,Croatia
Rovinjsko Selo,Croatia
Ruggell,Liechtenstein
Russia,Russia
Rzeszów,Poland
Sacavém,Portugal
Safwa,Saudi Arabia
Saint Croix,United States Virgin Islands
Saint John's,Antigua and Barbuda
Saint Martin,Guernsey
Saint Paul,Réunion
Saint Paul,United States
Saint Peter Port,Guernsey
Saint Petersburg,Russia
Saint Sampson,Guernsey
Saint-Brieuc,France
Saint-Denis,Réunion
Saint-Étienne,France
Saint-Ètienne,France
Saint-Gilles,Belgium
Saint-Paul,France
Sainte-Anne,Guadeloupe
Saipan,Northern Mariana Islands
Saitama,Japan
Sakai,Japan
Sakarya,Turkey
Salé,Morocco
Salem,United States
Salerno,Italy
Salta,Argentina
Salvador,Brazil
Samsun,Turkey
San Antonio,United States
San Benedetto del Tronto,Italy
San Cristóbal,Dominican Republic
San Diego,United States
San Fernando,Trinidad and Tobago
San Francisco,United States
San Jose,Costa Rica
San José,Costa Rica
San Jose,United States
San Juan,Puerto Rico
San Luis,Argentina
San Nicolás de los Garza,Mexico
San Pedro Sula,Honduras
San Pedro de Alcántara,Spain
San Pedro del Pinatar,Brazil
San Pedro del Pinatar,Spain
San Rafael,Costa Rica
San Salvador,El Salvador
San Sebastián de los Reyes,Spain
Sandanski,Bulgaria
Sandefjord,Norway
Sandhausen,Germany
Sandwick,Shetland
Sandy,United States
Sangolqui,Ecuador
Sangolquí,Ecuador
Sankt Pölten,Austria
Sanlucar de Barrameda,Spain
Santa Ana,Costa Rica
Santa Clara,United States
Santa Cruz de Tenerife,Spain
Santa Cruz de la Sierra,Bolivia
Santa Maria da Feira,Portugal
Santa Sofia,Italy
Santa Tecla,El Salvador
Santander,Spain
Santiago de Cuba,Cuba
Santiago,Chile
Santo António,Portugal
Santo Domingo Este,Dominican Republic
Santo Domingo,Dominican Republic
Santos,Brazil
Sao Paulo,Brazil
São Paulo,Brazil
São Tomé,São Tomé and Príncipe
Sapporo,Japan
Sarajevo,Bosnia and Herzegovina
Sarandí,Argentina
Sarpsborg,Norway
Sassenheim,Netherlands
Savièse,Switzerland
Scafati,Italy
Schaffhausen,Switzerland
Schiltigheim,France
Scotland,Scotland
Seafield,Shetland
Seattle,United States
Sedan,France
Sedlčany,Czech Republic
Segovia,Spain
Selyatino,Russia
Sendai,Japan
Senec,Slovakia
Senegal,Senegal
Senigallia,Italy
Seogwipo,South Korea
Seoul,South Korea
Serik,Turkey
Sertã,Portugal
Sesimbra,Portugal
Sesto al Reghena,Italy
Sesvete,Croatia
Setskog,Norway
Setúbal,Portugal
Sevastopol,Ukraine
Sevilla,Spain
Seville,Spain
Shah Alam,Malaysia
Shanghai,China PR
Shanklin,Isle of Wight
Sheffield,England
Shenyang,China PR
Shenzhen,China PR
Shillong,India
Shimzu,Japan
Shkodër,Albania
Shrewsbury,England
Shymkent,Kazakhstan
Siauliai,Lithuania
Side,Turkey
Sidi Moussa,Algeria
Siegen,Germany
Siena,Italy
Sierre,Switzerland
Siliguri,India
Silves,Portugal
Sindelfingen,Germany
Singapore,Singapore
Sinj,Croatia
Sinsheim,Germany
Sint-Truiden,Belgium
Siófok,Hungary
Sion,Switzerland
Sittard,Netherlands
Sivas,Turkey
Skelleftea,Sweden
Skellefteå,Sweden
Skien,Norway
Skopje,Macedonia
Skopje,North Macedonia
Slany,Czech Republic
Slavonski Brod,Croatia
Slovakia,Slovakia
Slovenia,Slovenia
Smederovo,FR Yugoslavia
Sochi,Russia
Sofia,Bulgaria
Soliman,Tunisia
Sollefteå,Sweden
Solna,Sweden
Solofra,Italy
Solothurn,Switzerland
Somhlolo,Eswatini
Sønderborg,Denmark
Sopron,Hungary
Sorrento,Italy
Sosnowiec,Poland
Sotira,Cyprus
Sousse,Libya
Sousse,Tunisia
South Africa,South Africa
Southampton,England
Spain,Spain
Speia,Moldova
Sri Lanka,Sri Lanka
St. Gallen,Switzerland
St. George's,Grenada
St. John's,Antigua and Barbuda
St. Louis,United States
St. Pölten,Austria
St. Thomas,United States Virgin Islands
Staicele,Latvia
Stalowa Wola,Poland
Stanford,United States
Stanke Dimitrov,Bulgaria
Stara Pazova,Serbia
Staré Město,Czech Republic
Starogard Gdański,Poland
Stavanger,Norway
Stenkyrka,Sweden
Steyr,Austria
Stirling,Scotland
Stockholm,Sweden
Stoke-on-Trent,England
Strasbourg,France
Straubing,Germany
Strom,Shetland
Strombeek,Belgium
Strombeek-Bever,Belgium
Stromness,Scotland
Strumica,Macedonia
Strumica,North Macedonia
Strusshamn,Norway
Stuttgart,Germany
Subotica,Serbia
Subotica,Serbia and Montenegro
Sulmona,Italy
Sunderland,England
Suriname,Suriname
Sursee,Switzerland
Suva,Fiji
Suwon,South Korea
Suzhou,China PR
Swansea City,Wales
Swansea,Wales
Swindon,England
Switzerland,Switzerland
Sydney,Australia
Szeged,Hungary
Székesfehérvár,Hungary
Szolnok,Hungary
Szombathely,Hungary
Słupsk,Poland
Ta' Qali,Albania
Ta' Qali,Latvia
Ta' Qali,Luxembourg
Ta' Qali,Malta
Ta'Qali,Malta
Tábua,Portugal
Taichung,Taiwan
Taif,Saudi Arabia
Tainan County,Taiwan
Taipei,Taiwan
Taldykorgan,Kazakhstan
Tallinn,Estonia
Tamale,Ghana
Tampa,United States
Tampere,Finland
Tangier,Morocco
Tanzania,Tanzania
Tapolcia,Hungary
Târgovişte,Romania
Tårnby,Denmark
Tarsus,Turkey
Tartu,Estonia
Tashkent,Uzbekistan
Tbilisi,Georgia
Tegucigalpa,Honduras
Teheran,Iran
Tehran,Iran
Tekirdağ,Turkey
Telki,Hungary
Telsiai,Lithuania
Tembisa,South Africa
Temuco,Chile
Tepatitlán de Morelos,Mexico
Teplice,Czech Republic
Ternopil,Ukraine
Teruel,Spain
Tétouan,Morocco
The Hague,Netherlands
The Valley,Anguilla
The Valley,Mexico
Thessaloniki,Greece
Thies,Senegal
Thiès,Senegal
Thimphu,Bhutan
Thônex,Switzerland
Thonon,France
Thun,Switzerland
Tianjin,China PR
Tienen,Belgium
Tilburg,Netherlands
Tirana,Albania
Tlaxcala,Mexico
Tocha,Portugal
Toftir,Faroe Islands
Togo,Togo
Tokyo,Japan
Toluca de Lerdo,Mexico
Toluca,Mexico
Tomblaine,France
Tondela,Portugal
Tønsberg,Norway
Torino,Italy
Toronto,Canada
Torrent,Spain
Torreón,Mexico
Torshavn,Faroe Islands
Tórshavn,Faroe Islands
Tortosa,Spain
Toruń,Poland
Tottori,Japan
Toulouse,France
Tours,France
Townsville,Australia
Toyota,Japan
Trabzon,Turkey
Trani,Italy
Trapani,Italy
Treichville,Ivory Coast
Trelleborg,Sweden
Trento,Italy
Trenčín,Slovakia
Treviso,Italy
Trieste,Italy
Trikala,Greece
Trinidad and Tobago,Trinidad and Tobago
Trnava,Slovakia
Trofa,Portugal
Trondheim,Norway
Troyes,France
Tubize,Belgium
Tula,Russia
Tunis,Tunisia
Turin,Italy
Turkey,Turkey
Turku,Finland
Tuusula,Finland
Tychy,Poland
Tyresö,Sweden
USSR,Russia
Uberlândia,Brazil
Ughelli,Nigeria
Uherské Hradiště,Czech Republic
Ukmerge,Lithuania
Ukraine,Israel
Ukraine,Ukraine
Ulaanbaatar,Mongolia
Ulefoss,Norway
Ulm,Germany
Ulsan,South Korea
Ulsteinvik,Norway
Umag,Croatia
Umeå,Sweden
Uniondale,United States
Unterhaching,Germany
Uppsala,Sweden
Urbino,Italy
Ústí nad Labem,Czech Republic
Utrecht,Netherlands
Utsunomiya,Japan
Vaasa,Finland
Vadul lui Vodă,Luxembourg
Vadul lui Vodă,Moldova
Valence,France
Valencia,Spain
Valenciennes,France
Valga,Estonia
Valkeakoski,Finland
Valkenswaard,Netherlands
Vallauris,France
Valmiera,Latvia
Valparaiso,Chile
Valparaíso,Chile
Vammala,Finland
Vancouver,Canada
Vannes,France
Vantaa,Finland
Varaždin,Croatia
Varberg,Sweden
Varkaus,Finland
Väskinde,Sweden
Västerås,Sweden
Växjö,Sweden
Vejen,Denmark
Vejle,Denmark
Velenje,Slovenia
Velika Gorica,Croatia
Velika Kladuša,Bosnia and Herzegovina
Velsen-Zuid,Netherlands
Venlo,Netherlands
Venray,Netherlands
Ventspils,Latvia
Veracruz,Mexico
Vercelli,Italy
Veria,Greece
Verona,Italy
Viborg,Denmark
Vicenza,Italy
Vichy,France
Victoria,Australia
Victoria,Canada
Vienna,Austria
Vientiane,Laos
Vigo,Spain
Vila Nova de Famalicão,Portugal
Vila Real de San Antonio,Portugal
Vila Real de Santo Antonio,Portugal
Vila Real de Santo António,Portugal
Vilagarcía de Arousa,Spain
Viljandi,Estonia
Villacidro,Italy
Vilnius,Faroe Islands
Vilnius,Georgia
Vilnius,Lithuania
Vilnius,Montenegro
Vina del Mar,Chile
Viña del Mar,Chile
Virgin Gorda,British Virgin Islands
Visby,Sweden
Visoko,Bosnia and Herzegovina
Visp,Switzerland
Vitebsk,Uzbekistan
Vizela,Portugal
Vöcklabruck,Austria
Vogošća,Bosnia and Herzegovina
Volendam,Netherlands
Volos,Greece
Voluntari,Romania
Voronezh,Russia
Võru,Estonia
Voždovac,Serbia and Montenegro
Vranovice,Czech Republic
Vrbovec,Croatia
Waalwijk,Netherlands
Wagga Wagga,Australia
Wales,Wales
Walsall,England
Waregem,Belgium
Warri,Nigeria
Warrington,England
Warsaw,Poland
Washington D.C.,United States
Watford,England
Wavre,Belgium
Weidingen,Luxembourg
Weingarten,Germany
Wellington,New Zealand
Wenzhou,China PR
Wexford,Republic of Ireland
Wezep,Netherlands
Whangarei,New Zealand
Wiener Neustadt,Austria
Wiesbaden,Germany
Willemstad,Curacao
Willemstad,Curaçao
Willemstad,Netherlands Antilles
Willisau,Switzerland
Windhoek,Namibia
Winnipeg,Canada
Winterthur,Switzerland
Wohlen,Switzerland
Wolfsburg,Germany
Wolverhampton,England
Wolvertem,Belgium
Worcester,United States
Wormerveer,Netherlands
Wrexham,Wales
Wrocław,Poland
Wronki,Poland
Wuhan,China PR
Wycombe,England
Włocławek,Poland
Xanthi,Greece
Xewkija,Malta
Xiamen,China PR
Yangon,Myanmar
Yangsan,South Korea
Yaoundé,Cameroon
Yeovil,England
Yerevan,Armenia
Yiwu,China PR
Yokohama,Japan
Yona,Guam
Yongin,South Korea
Ypané,Paraguay
Ypres,Belgium
Yugoslavia,FR Yugoslavia
Zadar,Croatia
Zagreb,Croatia
Zambia,Zambia
Zamora,Spain
Zamość,Poland
Zaprešić,Croatia
Zarqa,Jordan
Zaventem,Belgium
Zavidovici,Bosnia and Herzegovina
Zemun,Serbia
Zenica,Bosnia and Herzegovina
Zéralda,Algeria
Zhodzina,Belarus
Zhongshan,China PR
Zhubei,Taiwan
Zhuhai,China PR
Ziar nad Hronom,Slovakia
Ziguinchor,Senegal
Zimbabwe,Zimbabwe
Zlaté Moravce,Slovakia
Zmijavci,Croatia
Znojmo,Czech Republic
Zug,Switzerland
Zurich,Switzerland
Zürich,Switzerland
Zwolle,Netherlands
Čakovec,Croatia
Ħamrun,Malta
Čáslav,Czech Republic
Šaľa,Slovakia
Čelákovice,Czech Republic
Železnik,Serbia and Montenegro
České Budějovice,Czech Republic
Český Dub,Czech Republic
Žiar nad Hronom,Slovakia
Šiauliai,Lithuania
Šibenik,Croatia
Žilina,Slovakia
Łódź,Poland
Łuków,Poland
İzmir,Turkey
İzmit,Turkey
Łęczna,Poland
