Afghanistan,Bangladesh
Afghanistan,England
Afghanistan,India
Afghanistan,Morocco
Afghanistan,Pakistan
Afghanistan,Sri Lanka
Afghanistan,Uzbekistan
Åland,Greece
Åland,Guernsey
Åland,Isle of Man
Åland,Isle of Wight
Åland,Jersey
Åland,Shetland
Åland,Sweden
Albania,Albania
Albania,Armenia
Albania,Belarus
Albania,Belgium
Albania,Croatia
Albania,Cyprus
Albania,Czech Republic
Albania,Estonia
Albania,Finland
Albania,France
Albania,Greece
Albania,Hungary
Albania,Kosovo
Albania,Luxembourg
Albania,Malta
Albania,Netherlands
Albania,Northern Ireland
Albania,Norway
Albania,Poland
Albania,Portugal
Albania,Republic of Ireland
Albania,Romania
Albania,Scotland
Albania,Switzerland
Albania,Ukraine
Algeria,Algeria
Algeria,Chad
Algeria,Egypt
Algeria,Ethiopia
Algeria,Ghana
Algeria,Kenya
Algeria,Mali
Algeria,Morocco
Algeria,Mozambique
Algeria,Namibia
Algeria,Nigeria
Algeria,Senegal
Algeria,South Africa
Algeria,South Sudan
Algeria,Tunisia
American Samoa,Fiji
American Samoa,New Caledonia
American Samoa,New Zealand
American Samoa,Samoa
American Samoa,Solomon Islands
Andorra,Andorra
Andorra,Cyprus
Andorra,Faroe Islands
Andorra,Georgia
Andorra,Gibraltar
Andorra,Greece
Andorra,Latvia
Andorra,Lithuania
Andorra,Malta
Andorra,Moldova
Andorra,Montenegro
Andorra,Spain
Angola,Angola
Angola,Botswana
Angola,DR Congo
Angola,Equatorial Guinea
Angola,Namibia
Angola,Nigeria
Angola,South Africa
Anguilla,Anguilla
Anguilla,Antigua and Barbuda
Anguilla,Barbados
Anguilla,Cayman Islands
Anguilla,Curaçao
Anguilla,Dominican Republic
Anguilla,Mexico
Anguilla,Suriname
Antigua and Barbuda,Antigua and Barbuda
Antigua and Barbuda,Barbados
Antigua and Barbuda,Dominican Republic
Antigua and Barbuda,Jamaica
Antigua and Barbuda,Puerto Rico
Antigua and Barbuda,Saint Lucia
Antigua and Barbuda,Suriname
Antigua and Barbuda,Trinidad and Tobago
Argentina,Argentina
Argentina,Australia
Argentina,Brazil
Argentina,Canada
Argentina,Chile
Argentina,China PR
Argentina,Colombia
Argentina,Dominican Republic
Argentina,Ecuador
Argentina,France
Argentina,Japan
Argentina,Mexico
Argentina,New Zealand
Argentina,Panama
Argentina,Paraguay
Argentina,Peru
Argentina,South Korea
Argentina,Spain
Argentina,United States
Armenia,Albania
Armenia,Armenia
Armenia,Austria
Armenia,Belgium
Armenia,Bosnia and Herzegovina
Armenia,Bulgaria
Armenia,Czech Republic
Armenia,Denmark
Armenia,Estonia
Armenia,Finland
Armenia,Greece
Armenia,Italy
Armenia,Kazakhstan
Armenia,Kosovo
Armenia,Liechtenstein
Armenia,Luxembourg
Armenia,Malta
Armenia,Moldova
Armenia,Norway
Armenia,Poland
Armenia,Portugal
Armenia,Romania
Armenia,Slovakia
Armenia,Slovenia
Aruba,Aruba
Aruba,Belize
Aruba,Bonaire
Aruba,Curacao
Aruba,Dominican Republic
Aruba,Puerto Rico
Aruba,Suriname
Aruba,Trinidad and Tobago
Aruba,Turks and Caicos Islands
Australia,Australia
Australia,Brazil
Australia,Canada
Australia,China PR
Australia,Cyprus
Australia,Denmark
Australia,England
Australia,Fiji
Australia,France
Australia,Germany
Australia,Greece
Australia,Hong Kong
Australia,India
Australia,Japan
Australia,Jordan
Australia,Netherlands
Australia,New Caledonia
Australia,New Zealand
Australia,North Korea
Australia,Papua New Guinea
Australia,Portugal
Australia,Republic of Ireland
Australia,South Korea
Australia,Spain
Australia,Sweden
Australia,Switzerland
Australia,Taiwan
Australia,United States
Australia,Uzbekistan
Australia,Vietnam
Austria,Armenia
Austria,Austria
Austria,Belgium
Austria,Bulgaria
Austria,Croatia
Austria,Cyprus
Austria,Czech Republic
Austria,Denmark
Austria,England
Austria,FR Yugoslavia
Austria,Finland
Austria,France
Austria,Germany
Austria,Greece
Austria,Hungary
Austria,Iceland
Austria,Israel
Austria,Italy
Austria,Kazakhstan
Austria,Latvia
Austria,Luxembourg
Austria,Malta
Austria,Netherlands
Austria,North Macedonia
Austria,Northern Ireland
Austria,Norway
Austria,Poland
Austria,Portugal
Austria,Russia
Austria,Scotland
Austria,Serbia
Austria,Slovakia
Austria,Slovenia
Austria,Spain
Austria,Switzerland
Austria,Turkey
Austria,Wales
Azerbaijan,Azerbaijan
Azerbaijan,Belarus
Azerbaijan,Belgium
Azerbaijan,Bosnia and Herzegovina
Azerbaijan,Cyprus
Azerbaijan,Czech Republic
Azerbaijan,Denmark
Azerbaijan,Faroe Islands
Azerbaijan,Georgia
Azerbaijan,Hungary
Azerbaijan,Kazakhstan
Azerbaijan,Lithuania
Azerbaijan,Malta
Azerbaijan,Moldova
Azerbaijan,Montenegro
Azerbaijan,Poland
Azerbaijan,Portugal
Azerbaijan,Romania
Azerbaijan,Russia
Azerbaijan,Spain
Azerbaijan,Sweden
Azerbaijan,Switzerland
Azerbaijan,Turkey
Azerbaijan,Wales
Bahamas,Bahamas
Bahamas,Grenada
Bahamas,Haiti
Bahamas,United States Virgin Islands
Bahrain,Bahrain
Bahrain,Cyprus
Bahrain,Jordan
Bahrain,Tajikistan
Bahrain,United Arab Emirates
Bangladesh,Bangladesh
Bangladesh,Bhutan
Bangladesh,China PR
Bangladesh,India
Bangladesh,Jordan
Bangladesh,Myanmar
Bangladesh,Nepal
Bangladesh,Pakistan
Bangladesh,Sri Lanka
Bangladesh,Thailand
Bangladesh,Uzbekistan
Barbados,Antigua and Barbuda
Barbados,Barbados
Barbados,Bermuda
Barbados,Dominican Republic
Barbados,El Salvador
Barbados,Guyana
Barbados,Jamaica
Barbados,Panama
Barbados,Saint Vincent and the Grenadines
Barbados,Trinidad and Tobago
Belarus,Albania
Belarus,Belarus
Belarus,Bosnia and Herzegovina
Belarus,Croatia
Belarus,Cyprus
Belarus,Czech Republic
Belarus,England
Belarus,Estonia
Belarus,Faroe Islands
Belarus,Finland
Belarus,Georgia
Belarus,Hungary
Belarus,Iceland
Belarus,Iran
Belarus,Israel
Belarus,Italy
Belarus,Kazakhstan
Belarus,Lithuania
Belarus,Macedonia
Belarus,Malta
Belarus,Montenegro
Belarus,Netherlands
Belarus,Northern Ireland
Belarus,Norway
Belarus,Poland
Belarus,Portugal
Belarus,Republic of Ireland
Belarus,Romania
Belarus,Scotland
Belarus,Serbia
Belarus,Slovakia
Belarus,Slovenia
Belarus,Spain
Belarus,Sweden
Belarus,Switzerland
Belarus,Turkey
Belarus,Ukraine
Belarus,Uzbekistan
Belarus,Wales
Belgium,Albania
Belgium,Armenia
Belgium,Austria
Belgium,Azerbaijan
Belgium,Belgium
Belgium,Bosnia and Herzegovina
Belgium,Bulgaria
Belgium,Croatia
Belgium,Cyprus
Belgium,Czech Republic
Belgium,Czechoslovakia
Belgium,Denmark
Belgium,England
Belgium,Estonia
Belgium,FR Yugoslavia
Belgium,Faroe Islands
Belgium,Finland
Belgium,France
Belgium,Germany
Belgium,Greece
Belgium,Hungary
Belgium,Iceland
Belgium,Italy
Belgium,Kosovo
Belgium,Lithuania
Belgium,Luxembourg
Belgium,Moldova
Belgium,Netherlands
Belgium,Northern Ireland
Belgium,Norway
Belgium,Poland
Belgium,Portugal
Belgium,Republic of Ireland
Belgium,Romania
Belgium,Russia
Belgium,Scotland
Belgium,Serbia
Belgium,Slovakia
Belgium,Slovenia
Belgium,Spain
Belgium,Sweden
Belgium,Switzerland
Belgium,Turkey
Belgium,United States
Belgium,Wales
Belize,Aruba
Belize,Belize
Belize,Bonaire
Belize,Costa Rica
Belize,Cuba
Belize,El Salvador
Belize,Guatemala
Belize,Turks and Caicos Islands
Benin,Benin
Benin,Ghana
Benin,Guinea-Bissau
Benin,Ivory Coast
Benin,Liberia
Benin,Malawi
Benin,Mali
Benin,Morocco
Benin,Togo
Bermuda,Antigua and Barbuda
Bermuda,Barbados
Bermuda,Bermuda
Bermuda,Dominican Republic
Bermuda,Greece
Bermuda,Guernsey
Bermuda,Guyana
Bermuda,Jamaica
Bermuda,Saint Vincent and the Grenadines
Bermuda,Scotland
Bermuda,Shetland
Bermuda,Trinidad and Tobago
Bermuda,United States
Bhutan,Bangladesh
Bhutan,Bhutan
Bhutan,India
Bhutan,Nepal
Bhutan,Pakistan
Bhutan,Saudi Arabia
Bhutan,Sri Lanka
Bhutan,Uzbekistan
Bolivia,Argentina
Bolivia,Bolivia
Bolivia,Brazil
Bolivia,Chile
Bolivia,Colombia
Bolivia,Dominican Republic
Bolivia,Ecuador
Bolivia,Panama
Bolivia,Peru
Bonaire,Aruba
Bonaire,Belize
Bonaire,Bonaire
Bonaire,Turks and Caicos Islands
Bosnia and Herzegovina,Belarus
Bosnia and Herzegovina,Belgium
Bosnia and Herzegovina,Bosnia and Herzegovina
Bosnia and Herzegovina,Croatia
Bosnia and Herzegovina,Czech Republic
Bosnia and Herzegovina,Denmark
Bosnia and Herzegovina,England
Bosnia and Herzegovina,Estonia
Bosnia and Herzegovina,Faroe Islands
Bosnia and Herzegovina,Georgia
Bosnia and Herzegovina,Greece
Bosnia and Herzegovina,Hungary
Bosnia and Herzegovina,Israel
Bosnia and Herzegovina,Italy
Bosnia and Herzegovina,Kazakhstan
Bosnia and Herzegovina,Macedonia
Bosnia and Herzegovina,Malta
Bosnia and Herzegovina,Montenegro
Bosnia and Herzegovina,Northern Ireland
Bosnia and Herzegovina,Poland
Bosnia and Herzegovina,Portugal
Bosnia and Herzegovina,Republic of Ireland
Bosnia and Herzegovina,Romania
Bosnia and Herzegovina,Russia
Bosnia and Herzegovina,Scotland
Bosnia and Herzegovina,Serbia
Bosnia and Herzegovina,Slovakia
Bosnia and Herzegovina,Slovenia
Bosnia and Herzegovina,Sweden
Bosnia and Herzegovina,Turkey
Bosnia and Herzegovina,Ukraine
Bosnia and Herzegovina,Wales
Botswana,Angola
Botswana,Botswana
Botswana,DR Congo
Botswana,Kenya
Botswana,Mauritius
Botswana,Morocco
Botswana,Namibia
Botswana,South Africa
Botswana,Tanzania
Botswana,Tunisia
Botswana,Turkey
Botswana,Zambia
Botswana,Zimbabwe
Brazil,Argentina
Brazil,Australia
Brazil,Brazil
Brazil,Canada
Brazil,Chile
Brazil,China PR
Brazil,Colombia
Brazil,Denmark
Brazil,Dominican Republic
Brazil,Ecuador
Brazil,England
Brazil,France
Brazil,Germany
Brazil,Greece
Brazil,Iceland
Brazil,Italy
Brazil,Japan
Brazil,Mexico
Brazil,Norway
Brazil,Peru
Brazil,Poland
Brazil,Portugal
Brazil,South Africa
Brazil,South Korea
Brazil,Spain
Brazil,Sweden
Brazil,Switzerland
Brazil,United States
Brazil,Wales
British Virgin Islands,British Virgin Islands
British Virgin Islands,Dominican Republic
British Virgin Islands,Honduras
British Virgin Islands,Saint Vincent and the Grenadines
British Virgin Islands,United States Virgin Islands
Bulgaria,Armenia
Bulgaria,Austria
Bulgaria,Belgium
Bulgaria,Bulgaria
Bulgaria,Czechoslovakia
Bulgaria,Denmark
Bulgaria,Estonia
Bulgaria,FR Yugoslavia
Bulgaria,Finland
Bulgaria,France
Bulgaria,Georgia
Bulgaria,Germany
Bulgaria,Greece
Bulgaria,Hungary
Bulgaria,Iceland
Bulgaria,Israel
Bulgaria,Kazakhstan
Bulgaria,Kosovo
Bulgaria,Lithuania
Bulgaria,North Macedonia
Bulgaria,Northern Ireland
Bulgaria,Norway
Bulgaria,Portugal
Bulgaria,Romania
Bulgaria,Russia
Bulgaria,Scotland
Bulgaria,Serbia
Bulgaria,Spain
Bulgaria,Turkey
Bulgaria,Ukraine
Burkina Faso,Algeria
Burkina Faso,Benin
Burkina Faso,Burkina Faso
Burkina Faso,Gambia
Burkina Faso,Ghana
Burkina Faso,Guinea-Bissau
Burkina Faso,Ivory Coast
Burkina Faso,Mali
Burkina Faso,Morocco
Burkina Faso,Tunisia
Burundi,Burundi
Burundi,Eritrea
Burundi,Mali
Burundi,Morocco
Burundi,Tanzania
Burundi,Uganda
Cambodia,Cambodia
Cambodia,Indonesia
Cambodia,Laos
Cambodia,Philippines
Cambodia,Thailand
Cambodia,Vietnam
Cameroon,Cameroon
Cameroon,Canada
Cameroon,Congo
Cameroon,DR Congo
Cameroon,England
Cameroon,Equatorial Guinea
Cameroon,Ethiopia
Cameroon,France
Cameroon,Gabon
Cameroon,Gambia
Cameroon,Ghana
Cameroon,Ivory Coast
Cameroon,Kenya
Cameroon,Morocco
Cameroon,Mozambique
Cameroon,Namibia
Cameroon,New Zealand
Cameroon,Nigeria
Cameroon,Senegal
Cameroon,South Africa
Cameroon,Spain
Cameroon,Tanzania
Cameroon,Turkey
Cameroon,Uganda
Cameroon,Wales
Cameroon,Zambia
Cameroon,Zimbabwe
Canada,Australia
Canada,Brazil
Canada,Canada
Canada,China PR
Canada,Costa Rica
Canada,Cyprus
Canada,Dominican Republic
Canada,England
Canada,France
Canada,Germany
Canada,Haiti
Canada,Jamaica
Canada,Japan
Canada,Mexico
Canada,Netherlands
Canada,Portugal
Canada,South Korea
Canada,Spain
Canada,Sweden
Canada,Taiwan
Canada,United States
Canada,Wales
Cape Verde,Cape Verde
Cape Verde,Luxembourg
Cape Verde,Senegal
Cape Verde,Sierra Leone
Catalonia,Spain
Cayman Islands,Anguilla
Cayman Islands,Cayman Islands
Cayman Islands,Curaçao
Cayman Islands,Dominican Republic
Cayman Islands,Grenada
Cayman Islands,Netherlands Antilles
Cayman Islands,Puerto Rico
Cayman Islands,United States
Central African Republic,Cameroon
Central African Republic,Central African Republic
Central African Republic,Congo
Central African Republic,Equatorial Guinea
Central African Republic,Senegal
Chad,Algeria
Chad,Chad
Chad,Equatorial Guinea
Chad,Ethiopia
Chad,Morocco
Chile,Argentina
Chile,Australia
Chile,Brazil
Chile,Chile
Chile,Colombia
Chile,Ecuador
Chile,France
Chile,Germany
Chile,Guatemala
Chile,Italy
Chile,Jamaica
Chile,Japan
Chile,Mexico
Chile,Netherlands
Chile,New Zealand
Chile,Paraguay
Chile,Peru
Chile,Portugal
Chile,Slovakia
Chile,Spain
Chile,Turkey
Chile,United States
China PR,Australia
China PR,Brazil
China PR,Canada
China PR,China PR
China PR,England
China PR,France
China PR,Greece
China PR,Guam
China PR,Hong Kong
China PR,India
China PR,Indonesia
China PR,Italy
China PR,Japan
China PR,Jordan
China PR,Malaysia
China PR,Netherlands
China PR,Philippines
China PR,Portugal
China PR,Qatar
China PR,South Korea
China PR,Spain
China PR,Sweden
China PR,Switzerland
China PR,Taiwan
China PR,Thailand
China PR,United States
China PR,Vietnam
Colombia,Argentina
Colombia,Australia
Colombia,Brazil
Colombia,Canada
Colombia,Chile
Colombia,China PR
Colombia,Colombia
Colombia,Ecuador
Colombia,England
Colombia,France
Colombia,Germany
Colombia,Italy
Colombia,Japan
Colombia,Mexico
Colombia,Peru
Colombia,Scotland
Colombia,South Korea
Colombia,Switzerland
Colombia,United States
Colombia,Venezuela
Comoros,Comoros
Comoros,Lebanon
Comoros,Saudi Arabia
Comoros,South Africa
Congo,Cameroon
Congo,Central African Republic
Congo,Congo
Congo,DR Congo
Congo,Equatorial Guinea
Congo,Gabon
Congo,Togo
Cook Islands,Australia
Cook Islands,Fiji
Cook Islands,New Caledonia
Cook Islands,New Zealand
Cook Islands,Papua New Guinea
Cook Islands,Samoa
Cook Islands,Solomon Islands
Costa Rica,Argentina
Costa Rica,Brazil
Costa Rica,Canada
Costa Rica,Chile
Costa Rica,Colombia
Costa Rica,Costa Rica
Costa Rica,Croatia
Costa Rica,Curaçao
Costa Rica,Dominican Republic
Costa Rica,El Salvador
Costa Rica,Guatemala
Costa Rica,Haiti
Costa Rica,Japan
Costa Rica,Mexico
Costa Rica,Netherlands
Costa Rica,New Zealand
Costa Rica,Nicaragua
Costa Rica,Panama
Costa Rica,Peru
Costa Rica,Poland
Costa Rica,Portugal
Costa Rica,Saint Kitts and Nevis
Costa Rica,Scotland
Costa Rica,United States
Costa Rica,United States Virgin Islands
Croatia,Albania
Croatia,Belgium
Croatia,Bosnia and Herzegovina
Croatia,China PR
Croatia,Croatia
Croatia,Cyprus
Croatia,Czech Republic
Croatia,Denmark
Croatia,England
Croatia,Estonia
Croatia,Finland
Croatia,France
Croatia,Germany
Croatia,Greece
Croatia,Hungary
Croatia,Iceland
Croatia,Israel
Croatia,Italy
Croatia,Kosovo
Croatia,Lithuania
Croatia,Malta
Croatia,Moldova
Croatia,Netherlands
Croatia,North Macedonia
Croatia,Northern Ireland
Croatia,Norway
Croatia,Poland
Croatia,Portugal
Croatia,Republic of Ireland
Croatia,Romania
Croatia,Russia
Croatia,Scotland
Croatia,Serbia
Croatia,Slovakia
Croatia,Slovenia
Croatia,Sweden
Croatia,Switzerland
Croatia,Turkey
Croatia,Ukraine
Croatia,Wales
Cuba,Aruba
Cuba,Canada
Cuba,Cuba
Cuba,Dominican Republic
Cuba,Guadeloupe
Cuba,Guyana
Cuba,Honduras
Cuba,Jamaica
Cuba,Nicaragua
Cuba,Peru
Cuba,Saint Lucia
Cuba,Trinidad and Tobago
Cuba,United States
Curaçao,Anguilla
Curaçao,Antigua and Barbuda
Curaçao,Cayman Islands
Curacao,Curacao
Curaçao,Curaçao
Curaçao,Dominican Republic
Curaçao,United States Virgin Islands
Cyprus,Albania
Cyprus,Andorra
Cyprus,Azerbaijan
Cyprus,Belarus
Cyprus,Cyprus
Cyprus,Czech Republic
Cyprus,Faroe Islands
Cyprus,Finland
Cyprus,Georgia
Cyprus,Greece
Cyprus,Iceland
Cyprus,Lithuania
Cyprus,Malta
Cyprus,Montenegro
Cyprus,Netherlands
Cyprus,Portugal
Cyprus,Scotland
Czech Republic,Albania
Czech Republic,Armenia
Czech Republic,Australia
Czech Republic,Austria
Czech Republic,Azerbaijan
Czech Republic,Belarus
Czech Republic,Belgium
Czech Republic,Bosnia and Herzegovina
Czech Republic,Croatia
Czech Republic,Cyprus
Czech Republic,Czech Republic
Czech Republic,Denmark
Czech Republic,England
Czech Republic,Estonia
Czech Republic,FR Yugoslavia
Czech Republic,Faroe Islands
Czech Republic,Finland
Czech Republic,France
Czech Republic,Georgia
Czech Republic,Germany
Czech Republic,Hungary
Czech Republic,Iceland
Czech Republic,Italy
Czech Republic,Lithuania
Czech Republic,Macedonia
Czech Republic,Moldova
Czech Republic,Netherlands
Czech Republic,Northern Ireland
Czech Republic,Norway
Czech Republic,Poland
Czech Republic,Portugal
Czech Republic,Republic of Ireland
Czech Republic,Romania
Czech Republic,Scotland
Czech Republic,Serbia
Czech Republic,Slovenia
Czech Republic,Spain
Czech Republic,Sweden
Czech Republic,Switzerland
Czech Republic,Ukraine
Czech Republic,United States
Czech Republic,Wales
Czechoslovakia,Belgium
Czechoslovakia,Bulgaria
Czechoslovakia,China PR
Czechoslovakia,Czechoslovakia
Czechoslovakia,France
Czechoslovakia,Germany
Czechoslovakia,Hungary
Czechoslovakia,Italy
Czechoslovakia,Poland
Czechoslovakia,Spain
DR Congo,Algeria
DR Congo,Angola
DR Congo,Botswana
DR Congo,Cameroon
DR Congo,Congo
DR Congo,DR Congo
DR Congo,Equatorial Guinea
DR Congo,Morocco
DR Congo,Nigeria
DR Congo,Senegal
DR Congo,South Africa
DR Congo,Tanzania
DR Congo,Uganda
DR Congo,Zambia
Denmark,Armenia
Denmark,Australia
Denmark,Austria
Denmark,Azerbaijan
Denmark,Belgium
Denmark,Bosnia and Herzegovina
Denmark,Brazil
Denmark,Bulgaria
Denmark,China PR
Denmark,Croatia
Denmark,Cyprus
Denmark,Czech Republic
Denmark,Denmark
Denmark,England
Denmark,FR Yugoslavia
Denmark,Finland
Denmark,France
Denmark,Georgia
Denmark,Germany
Denmark,Greece
Denmark,Hungary
Denmark,Iceland
Denmark,Israel
Denmark,Italy
Denmark,Japan
Denmark,Lithuania
Denmark,Malta
Denmark,Mexico
Denmark,Moldova
Denmark,Montenegro
Denmark,Netherlands
Denmark,Norway
Denmark,Poland
Denmark,Portugal
Denmark,Republic of Ireland
Denmark,Romania
Denmark,Russia
Denmark,Scotland
Denmark,Serbia
Denmark,Slovakia
Denmark,South Korea
Denmark,Spain
Denmark,Sweden
Denmark,Switzerland
Denmark,Ukraine
Denmark,United States
Denmark,Wales
Djibouti,Burundi
Djibouti,Ethiopia
Djibouti,Kenya
Djibouti,Tanzania
Djibouti,Togo
Djibouti,Uganda
Dominica,Antigua and Barbuda
Dominica,Barbados
Dominica,Dominica
Dominica,Dominican Republic
Dominica,Guyana
Dominica,Nicaragua
Dominica,Puerto Rico
Dominica,Saint Lucia
Dominica,Saint Vincent and the Grenadines
Dominica,Suriname
Dominica,Trinidad and Tobago
Dominican Republic,Barbados
Dominican Republic,Bermuda
Dominican Republic,Canada
Dominican Republic,Cayman Islands
Dominican Republic,Dominican Republic
Dominican Republic,Guyana
Dominican Republic,Haiti
Dominican Republic,Honduras
Dominican Republic,Jamaica
Dominican Republic,Mexico
Dominican Republic,Saint Vincent and the Grenadines
Dominican Republic,Trinidad and Tobago
Ecuador,Argentina
Ecuador,Brazil
Ecuador,Canada
Ecuador,Chile
Ecuador,Colombia
Ecuador,Costa Rica
Ecuador,Ecuador
Ecuador,Paraguay
Ecuador,Turkey
Ecuador,Uruguay
Egypt,Algeria
Egypt,Cameroon
Egypt,Egypt
Egypt,Ethiopia
Egypt,Ghana
Egypt,Ivory Coast
Egypt,Libya
Egypt,Nigeria
Egypt,Réunion
Egypt,Rwanda
Egypt,Tunisia
Egypt,Uganda
El Salvador,Bolivia
El Salvador,Costa Rica
El Salvador,Dominican Republic
El Salvador,Ecuador
El Salvador,El Salvador
El Salvador,Guatemala
El Salvador,Honduras
El Salvador,Martinique
El Salvador,Mexico
El Salvador,Nicaragua
El Salvador,Panama
El Salvador,United States
England,Australia
England,Austria
England,Belarus
England,Belgium
England,Bosnia and Herzegovina
England,Canada
England,China PR
England,Croatia
England,Cyprus
England,Czech Republic
England,Denmark
England,England
England,Estonia
England,Finland
England,France
England,Germany
England,Hungary
England,Iceland
England,Italy
England,Japan
England,Kazakhstan
England,Latvia
England,Luxembourg
England,Malta
England,Mexico
England,Montenegro
England,Netherlands
England,North Macedonia
England,Northern Ireland
England,Norway
England,Portugal
England,Republic of Ireland
England,Romania
England,Russia
England,Scotland
England,Serbia
England,Slovenia
England,South Korea
England,Spain
England,Sweden
England,Switzerland
England,Turkey
England,Ukraine
England,United States
England,Wales
Equatorial Guinea,Angola
Equatorial Guinea,Congo
Equatorial Guinea,Equatorial Guinea
Equatorial Guinea,Germany
Equatorial Guinea,Ghana
Equatorial Guinea,Ivory Coast
Equatorial Guinea,Kenya
Equatorial Guinea,Mali
Equatorial Guinea,Namibia
Equatorial Guinea,Nigeria
Equatorial Guinea,South Africa
Equatorial Guinea,Tanzania
Equatorial Guinea,Tunisia
Equatorial Guinea,Turkey
Eritrea,Burundi
Eritrea,Eritrea
Eritrea,Tanzania
Estonia,Albania
Estonia,Armenia
Estonia,Belarus
Estonia,Belgium
Estonia,Bosnia and Herzegovina
Estonia,Bulgaria
Estonia,Croatia
Estonia,Cyprus
Estonia,Czech Republic
Estonia,England
Estonia,Estonia
Estonia,Finland
Estonia,France
Estonia,Georgia
Estonia,Greece
Estonia,Hungary
Estonia,Iceland
Estonia,Israel
Estonia,Italy
Estonia,Kazakhstan
Estonia,Kosovo
Estonia,Latvia
Estonia,Lithuania
Estonia,Luxembourg
Estonia,Macedonia
Estonia,Moldova
Estonia,Netherlands
Estonia,Northern Ireland
Estonia,Poland
Estonia,Romania
Estonia,Russia
Estonia,Scotland
Estonia,Serbia
Estonia,Slovakia
Estonia,Slovenia
Estonia,Spain
Estonia,Turkey
Estonia,Ukraine
Estonia,Wales
Eswatini,Eswatini
Eswatini,Lesotho
Eswatini,South Africa
Eswatini,Zimbabwe
Ethiopia,Algeria
Ethiopia,Cameroon
Ethiopia,Chad
Ethiopia,Egypt
Ethiopia,Equatorial Guinea
Ethiopia,Ethiopia
Ethiopia,Ghana
Ethiopia,Malawi
Ethiopia,Nigeria
Ethiopia,Rwanda
Ethiopia,South Africa
Ethiopia,Tanzania
Ethiopia,Uganda
FR Yugoslavia,Austria
FR Yugoslavia,Belgium
FR Yugoslavia,Bulgaria
FR Yugoslavia,Czech Republic
FR Yugoslavia,Denmark
FR Yugoslavia,FR Yugoslavia
FR Yugoslavia,Finland
FR Yugoslavia,Greece
FR Yugoslavia,Moldova
FR Yugoslavia,Republic of Ireland
FR Yugoslavia,Russia
FR Yugoslavia,Switzerland
FR Yugoslavia,Turkey
Faroe Islands,Andorra
Faroe Islands,Azerbaijan
Faroe Islands,Belarus
Faroe Islands,Belgium
Faroe Islands,Bosnia and Herzegovina
Faroe Islands,Cyprus
Faroe Islands,Czech Republic
Faroe Islands,Estonia
Faroe Islands,Faroe Islands
Faroe Islands,Germany
Faroe Islands,Gibraltar
Faroe Islands,Greece
Faroe Islands,Guernsey
Faroe Islands,Hungary
Faroe Islands,Iceland
Faroe Islands,Isle of Man
Faroe Islands,Latvia
Faroe Islands,Lithuania
Faroe Islands,Macedonia
Faroe Islands,Malta
Faroe Islands,Moldova
Faroe Islands,Montenegro
Faroe Islands,Northern Ireland
Faroe Islands,Poland
Faroe Islands,Portugal
Faroe Islands,Republic of Ireland
Faroe Islands,Scotland
Faroe Islands,Shetland
Faroe Islands,Slovakia
Faroe Islands,Slovenia
Faroe Islands,Spain
Faroe Islands,Sweden
Faroe Islands,Ukraine
Faroe Islands,Wales
Fiji,Fiji
Fiji,New Caledonia
Fiji,New Zealand
Fiji,Papua New Guinea
Fiji,Samoa
Fiji,Solomon Islands
Finland,Albania
Finland,Armenia
Finland,Austria
Finland,Belarus
Finland,Belgium
Finland,Bulgaria
Finland,China PR
Finland,Croatia
Finland,Cyprus
Finland,Czech Republic
Finland,Denmark
Finland,England
Finland,Estonia
Finland,FR Yugoslavia
Finland,Finland
Finland,France
Finland,Georgia
Finland,Germany
Finland,Hungary
Finland,Iceland
Finland,Israel
Finland,Italy
Finland,Kazakhstan
Finland,Montenegro
Finland,Netherlands
Finland,Norway
Finland,Poland
Finland,Portugal
Finland,Republic of Ireland
Finland,Romania
Finland,Russia
Finland,Scotland
Finland,Serbia
Finland,Serbia and Montenegro
Finland,Slovakia
Finland,Slovenia
Finland,Spain
Finland,Sweden
Finland,Switzerland
Finland,Ukraine
Finland,United States
France,Albania
France,Australia
France,Austria
France,Belgium
France,Brazil
France,Bulgaria
France,Canada
France,China PR
France,Croatia
France,Cyprus
France,Czech Republic
France,Czechoslovakia
France,Denmark
France,England
France,Estonia
France,Finland
France,France
France,Germany
France,Greece
France,Hungary
France,Iceland
France,Israel
France,Italy
France,Kazakhstan
France,Mexico
France,Netherlands
France,North Macedonia
France,Northern Ireland
France,Norway
France,Poland
France,Portugal
France,Republic of Ireland
France,Romania
France,Russia
France,Scotland
France,Serbia
France,Slovenia
France,Spain
France,Sweden
France,Switzerland
France,Ukraine
France,United States
France,Wales
Froya,Scotland
Gabon,Cameroon
Gabon,Congo
Gabon,Equatorial Guinea
Gabon,Gabon
Gabon,Ghana
Gabon,Ivory Coast
Gabon,Mali
Gabon,São Tomé and Príncipe
Gabon,South Africa
Gabon,Togo
Gambia,Burkina Faso
Gambia,Cameroon
Gambia,Cape Verde
Gambia,Gambia
Gambia,Liberia
Gambia,Mauritania
Gambia,Niger
Gambia,Nigeria
Gambia,Senegal
Gambia,Sierra Leone
Georgia,Andorra
Georgia,Bosnia and Herzegovina
Georgia,Bulgaria
Georgia,Cyprus
Georgia,Czech Republic
Georgia,Denmark
Georgia,Faroe Islands
Georgia,Finland
Georgia,Georgia
Georgia,Greece
Georgia,Israel
Georgia,Italy
Georgia,Lithuania
Georgia,Luxembourg
Georgia,Malta
Georgia,Northern Ireland
Georgia,Republic of Ireland
Georgia,Scotland
Georgia,Slovakia
Georgia,Sweden
Georgia,Switzerland
Georgia,Turkey
Germany,Australia
Germany,Austria
Germany,Belgium
Germany,Brazil
Germany,Bulgaria
Germany,Canada
Germany,China PR
Germany,Croatia
Germany,Czech Republic
Germany,Czechoslovakia
Germany,Denmark
Germany,England
Germany,Faroe Islands
Germany,Finland
Germany,France
Germany,Germany
Germany,Greece
Germany,Hungary
Germany,Iceland
Germany,Israel
Germany,Italy
Germany,Kazakhstan
Germany,Montenegro
Germany,Netherlands
Germany,Norway
Germany,Poland
Germany,Portugal
Germany,Republic of Ireland
Germany,Romania
Germany,Russia
Germany,Scotland
Germany,Serbia
Germany,Slovakia
Germany,Slovenia
Germany,Spain
Germany,Sweden
Germany,Switzerland
Germany,Turkey
Germany,Ukraine
Germany,United States
Germany,Wales
Ghana,Algeria
Ghana,Benin
Ghana,Burkina Faso
Ghana,Cameroon
Ghana,China PR
Ghana,Congo
Ghana,Egypt
Ghana,Equatorial Guinea
Ghana,Ethiopia
Ghana,France
Ghana,Gabon
Ghana,Germany
Ghana,Ghana
Ghana,Guinea
Ghana,Ivory Coast
Ghana,Japan
Ghana,Kenya
Ghana,Mali
Ghana,Morocco
Ghana,Mozambique
Ghana,Namibia
Ghana,Nigeria
Ghana,Senegal
Ghana,South Africa
Ghana,Tunisia
Ghana,Turkey
Ghana,United States
Ghana,Zambia
Gibraltar,Andorra
Gibraltar,Faroe Islands
Gibraltar,Gibraltar
Gibraltar,Isle of Wight
Gibraltar,Jersey
Gibraltar,Moldova
Gibraltar,Slovakia
Gibraltar,Sweden
Gibraltar,Wales
Gotland,Greece
Gotland,Guernsey
Gotland,Isle of Wight
Gotland,Jersey
Gotland,Sweden
Gozo,Scotland
Great Britain,England
Great Britain,Japan
Great Britain,Wales
Greece,Albania
Greece,Andorra
Greece,Armenia
Greece,Austria
Greece,Belgium
Greece,Bosnia and Herzegovina
Greece,Bulgaria
Greece,Cyprus
Greece,Denmark
Greece,Estonia
Greece,FR Yugoslavia
Greece,Faroe Islands
Greece,France
Greece,Georgia
Greece,Germany
Greece,Greece
Greece,Hungary
Greece,Iceland
Greece,Italy
Greece,Kazakhstan
Greece,Macedonia
Greece,Moldova
Greece,Montenegro
Greece,Netherlands
Greece,Norway
Greece,Poland
Greece,Portugal
Greece,Republic of Ireland
Greece,Romania
Greece,Russia
Greece,Scotland
Greece,Serbia
Greece,Serbia and Montenegro
Greece,Slovakia
Greece,Slovenia
Greece,Switzerland
Greece,Turkey
Greece,Ukraine
Greece,Wales
Greenland,Bermuda
Greenland,Greece
Greenland,Isle of Wight
Greenland,Jersey
Greenland,Sweden
Grenada,Bahamas
Grenada,Barbados
Grenada,Bermuda
Grenada,Dominican Republic
Grenada,Grenada
Grenada,Puerto Rico
Grenada,Suriname
Grenada,Trinidad and Tobago
Grenada,United States Virgin Islands
Guadeloupe,Cuba
Guadeloupe,Guadeloupe
Guadeloupe,Haiti
Guadeloupe,Saint Lucia
Guam,Cambodia
Guam,China PR
Guam,Fiji
Guam,Guam
Guam,Hong Kong
Guam,Japan
Guam,Kyrgyzstan
Guam,Mongolia
Guam,New Caledonia
Guam,Northern Mariana Islands
Guam,Philippines
Guam,Saudi Arabia
Guam,Taiwan
Guam,Thailand
Guam,Vietnam
Guatemala,Canada
Guatemala,Costa Rica
Guatemala,Curaçao
Guatemala,Ecuador
Guatemala,El Salvador
Guatemala,Guatemala
Guatemala,Honduras
Guatemala,Jamaica
Guatemala,Mexico
Guatemala,Nicaragua
Guatemala,Panama
Guatemala,United States
Guatemala,Venezuela
Guernsey,Greece
Guernsey,Guernsey
Guernsey,Isle of Man
Guernsey,Jersey
Guernsey,Shetland
Guinea,Cape Verde
Guinea,Ghana
Guinea,Guinea
Guinea,Ivory Coast
Guinea,Mali
Guinea,Mauritania
Guinea,Nigeria
Guinea,Senegal
Guinea,Sierra Leone
Guinea-Bissau,Benin
Guinea-Bissau,Cape Verde
Guinea-Bissau,Guinea-Bissau
Guinea-Bissau,Mauritania
Guinea-Bissau,Sierra Leone
Guyana,Antigua and Barbuda
Guyana,Barbados
Guyana,Cuba
Guyana,Dominican Republic
Guyana,Guyana
Guyana,Mexico
Guyana,Suriname
Guyana,Trinidad and Tobago
Guyana,Turks and Caicos Islands
Guyana,United States
Haiti,Aruba
Haiti,Australia
Haiti,British Virgin Islands
Haiti,Canada
Haiti,Cayman Islands
Haiti,Chile
Haiti,Costa Rica
Haiti,Cuba
Haiti,Dominican Republic
Haiti,El Salvador
Haiti,Guatemala
Haiti,Haiti
Haiti,Jamaica
Haiti,Mexico
Haiti,Morocco
Haiti,New Zealand
Haiti,Nigeria
Haiti,Puerto Rico
Haiti,Saint Kitts and Nevis
Haiti,South Korea
Haiti,Suriname
Haiti,Taiwan
Haiti,Trinidad and Tobago
Haiti,Turkey
Haiti,United States
Haiti,Venezuela
Hitra,Bermuda
Hitra,Guernsey
Hitra,Isle of Wight
Hitra,Jersey
Hitra,Scotland
Hitra,Sweden
Hitra,Wales
Honduras,Costa Rica
Honduras,Cuba
Honduras,Dominican Republic
Honduras,El Salvador
Honduras,Guatemala
Honduras,Honduras
Honduras,Martinique
Honduras,Nicaragua
Honduras,Panama
Hong Kong,Australia
Hong Kong,Bahrain
Hong Kong,Bhutan
Hong Kong,China PR
Hong Kong,Guam
Hong Kong,Hong Kong
Hong Kong,India
Hong Kong,Indonesia
Hong Kong,Japan
Hong Kong,Jordan
Hong Kong,Malaysia
Hong Kong,Myanmar
Hong Kong,North Korea
Hong Kong,Philippines
Hong Kong,Saudi Arabia
Hong Kong,South Korea
Hong Kong,Taiwan
Hong Kong,Tajikistan
Hong Kong,Thailand
Hong Kong,Turkey
Hong Kong,Uzbekistan
Hong Kong,Vietnam
Hungary,Albania
Hungary,Austria
Hungary,Azerbaijan
Hungary,Belarus
Hungary,Belgium
Hungary,Bosnia and Herzegovina
Hungary,Brazil
Hungary,Bulgaria
Hungary,Croatia
Hungary,Cyprus
Hungary,Czech Republic
Hungary,Czechoslovakia
Hungary,Denmark
Hungary,England
Hungary,Faroe Islands
Hungary,Finland
Hungary,France
Hungary,Germany
Hungary,Greece
Hungary,Hungary
Hungary,Iceland
Hungary,Israel
Hungary,Italy
Hungary,Kazakhstan
Hungary,Latvia
Hungary,Malta
Hungary,Netherlands
Hungary,Northern Ireland
Hungary,Norway
Hungary,Poland
Hungary,Portugal
Hungary,Republic of Ireland
Hungary,Romania
Hungary,Russia
Hungary,Scotland
Hungary,Serbia
Hungary,Slovakia
Hungary,Spain
Hungary,Sweden
Hungary,Switzerland
Hungary,Turkey
Hungary,Ukraine
Iceland,Austria
Iceland,Belarus
Iceland,Belgium
Iceland,Bulgaria
Iceland,China PR
Iceland,Croatia
Iceland,Cyprus
Iceland,Czech Republic
Iceland,Denmark
Iceland,England
Iceland,Estonia
Iceland,Faroe Islands
Iceland,Finland
Iceland,France
Iceland,Germany
Iceland,Greece
Iceland,Hungary
Iceland,Iceland
Iceland,Israel
Iceland,Italy
Iceland,Japan
Iceland,Latvia
Iceland,Macedonia
Iceland,Malta
Iceland,Netherlands
Iceland,New Zealand
Iceland,Northern Ireland
Iceland,Norway
Iceland,Poland
Iceland,Portugal
Iceland,Republic of Ireland
Iceland,Romania
Iceland,Russia
Iceland,Scotland
Iceland,Serbia
Iceland,Slovakia
Iceland,Slovenia
Iceland,South Korea
Iceland,Spain
Iceland,Sweden
Iceland,Switzerland
Iceland,Ukraine
Iceland,United States
Iceland,Wales
India,Bangladesh
India,Brazil
India,China PR
India,Hong Kong
India,India
India,Iran
India,Kyrgyzstan
India,Malaysia
India,Myanmar
India,Nepal
India,North Korea
India,Pakistan
India,Palestine
India,Philippines
India,South Korea
India,Sri Lanka
India,Taiwan
India,Thailand
India,Turkey
India,United Arab Emirates
India,Uzbekistan
India,Vietnam
Indonesia,Bahrain
Indonesia,Hong Kong
Indonesia,India
Indonesia,Indonesia
Indonesia,Jordan
Indonesia,Laos
Indonesia,Lebanon
Indonesia,Malaysia
Indonesia,Myanmar
Indonesia,Netherlands
Indonesia,Palestine
Indonesia,Philippines
Indonesia,Saudi Arabia
Indonesia,Taiwan
Indonesia,Tajikistan
Indonesia,Thailand
Indonesia,Vietnam
Iran,Australia
Iran,Bangladesh
Iran,India
Iran,Iran
Iran,Jordan
Iran,Myanmar
Iran,Qatar
Iran,Taiwan
Iran,Tajikistan
Iran,Thailand
Iran,Turkey
Iran,United Arab Emirates
Iran,Uzbekistan
Iran,Vietnam
Iraq,Saudi Arabia
Iraq,Tajikistan
Iraq,United Arab Emirates
Isle of Man,Greece
Isle of Man,Guernsey
Isle of Man,Isle of Man
Isle of Man,Isle of Wight
Isle of Man,Jersey
Isle of Man,Scotland
Isle of Man,Shetland
Isle of Man,Sweden
Isle of Man,Wales
Isle of Wight,Greece
Isle of Wight,Guernsey
Isle of Wight,Isle of Man
Isle of Wight,Isle of Wight
Isle of Wight,Jersey
Isle of Wight,Scotland
Isle of Wight,Sweden
Israel,Armenia
Israel,Austria
Israel,Belarus
Israel,Bosnia and Herzegovina
Israel,Bulgaria
Israel,Croatia
Israel,Cyprus
Israel,Denmark
Israel,Estonia
Israel,Finland
Israel,France
Israel,Georgia
Israel,Germany
Israel,Hungary
Israel,Iceland
Israel,Israel
Israel,Italy
Israel,Kazakhstan
Israel,Lithuania
Israel,Malta
Israel,Moldova
Israel,Netherlands
Israel,Norway
Israel,Poland
Israel,Portugal
Israel,Republic of Ireland
Israel,Romania
Israel,Russia
Israel,Scotland
Israel,Serbia
Israel,Slovakia
Israel,Spain
Israel,Switzerland
Israel,Turkey
Israel,Wales
Italy,Armenia
Italy,Australia
Italy,Austria
Italy,Belgium
Italy,Bosnia and Herzegovina
Italy,Brazil
Italy,China PR
Italy,Croatia
Italy,Cyprus
Italy,Czech Republic
Italy,Czechoslovakia
Italy,Denmark
Italy,England
Italy,Estonia
Italy,Finland
Italy,France
Italy,Georgia
Italy,Germany
Italy,Greece
Italy,Hungary
Italy,Iceland
Italy,Israel
Italy,Italy
Italy,Japan
Italy,Lithuania
Italy,Macedonia
Italy,Malta
Italy,Mexico
Italy,Moldova
Italy,Netherlands
Italy,New Zealand
Italy,Northern Ireland
Italy,Norway
Italy,Poland
Italy,Portugal
Italy,Republic of Ireland
Italy,Romania
Italy,Russia
Italy,Scotland
Italy,Serbia and Montenegro
Italy,Slovenia
Italy,South Korea
Italy,Spain
Italy,Sweden
Italy,Switzerland
Italy,Ukraine
Italy,United States
Italy,Wales
Ivory Coast,Benin
Ivory Coast,Cameroon
Ivory Coast,Canada
Ivory Coast,China PR
Ivory Coast,Congo
Ivory Coast,Egypt
Ivory Coast,Equatorial Guinea
Ivory Coast,Gabon
Ivory Coast,Ghana
Ivory Coast,Guinea
Ivory Coast,Ivory Coast
Ivory Coast,Mali
Ivory Coast,Morocco
Ivory Coast,Mozambique
Ivory Coast,Namibia
Ivory Coast,Niger
Ivory Coast,Nigeria
Ivory Coast,Senegal
Jamaica,Antigua and Barbuda
Jamaica,Australia
Jamaica,Brazil
Jamaica,Canada
Jamaica,Cayman Islands
Jamaica,Chile
Jamaica,Colombia
Jamaica,Costa Rica
Jamaica,Cuba
Jamaica,Dominican Republic
Jamaica,El Salvador
Jamaica,England
Jamaica,France
Jamaica,Grenada
Jamaica,Guatemala
Jamaica,Haiti
Jamaica,Jamaica
Jamaica,Mexico
Jamaica,Panama
Jamaica,Peru
Jamaica,Puerto Rico
Jamaica,Scotland
Jamaica,South Africa
Jamaica,South Korea
Jamaica,Trinidad and Tobago
Jamaica,United States
Japan,Australia
Japan,Belgium
Japan,Brazil
Japan,Canada
Japan,China PR
Japan,Cyprus
Japan,Denmark
Japan,England
Japan,Finland
Japan,France
Japan,Germany
Japan,Greece
Japan,Hong Kong
Japan,India
Japan,Indonesia
Japan,Italy
Japan,Japan
Japan,Jordan
Japan,Malaysia
Japan,Mexico
Japan,Netherlands
Japan,New Zealand
Japan,Philippines
Japan,Portugal
Japan,Qatar
Japan,Saudi Arabia
Japan,Serbia
Japan,South Korea
Japan,Spain
Japan,Sweden
Japan,Taiwan
Japan,Thailand
Japan,United States
Japan,Uzbekistan
Japan,Vietnam
Japan,Wales
Jersey,Greece
Jersey,Guernsey
Jersey,Isle of Man
Jersey,Isle of Wight
Jersey,Jersey
Jersey,Scotland
Jersey,Sweden
Jersey,Wales
Jordan,Armenia
Jordan,Bahrain
Jordan,China PR
Jordan,Egypt
Jordan,Jordan
Jordan,Malaysia
Jordan,Myanmar
Jordan,Palestine
Jordan,Qatar
Jordan,Romania
Jordan,Saudi Arabia
Jordan,South Korea
Jordan,Taiwan
Jordan,Tajikistan
Jordan,Turkey
Jordan,United Arab Emirates
Jordan,Uzbekistan
Jordan,Vietnam
Kazakhstan,Armenia
Kazakhstan,Austria
Kazakhstan,Belarus
Kazakhstan,Bosnia and Herzegovina
Kazakhstan,Bulgaria
Kazakhstan,China PR
Kazakhstan,England
Kazakhstan,Estonia
Kazakhstan,Finland
Kazakhstan,France
Kazakhstan,Georgia
Kazakhstan,Germany
Kazakhstan,Greece
Kazakhstan,Hungary
Kazakhstan,Israel
Kazakhstan,Kazakhstan
Kazakhstan,Liechtenstein
Kazakhstan,Luxembourg
Kazakhstan,Macedonia
Kazakhstan,Malaysia
Kazakhstan,North Macedonia
Kazakhstan,Northern Ireland
Kazakhstan,Norway
Kazakhstan,Philippines
Kazakhstan,Republic of Ireland
Kazakhstan,Romania
Kazakhstan,Russia
Kazakhstan,Serbia
Kazakhstan,Slovakia
Kazakhstan,Slovenia
Kazakhstan,Spain
Kazakhstan,Switzerland
Kazakhstan,Turkey
Kazakhstan,Wales
Kenya,Algeria
Kenya,Botswana
Kenya,Cameroon
Kenya,Equatorial Guinea
Kenya,Ghana
Kenya,Ivory Coast
Kenya,Kenya
Kenya,Malawi
Kenya,Morocco
Kenya,Rwanda
Kenya,South Africa
Kenya,Tanzania
Kenya,Tunisia
Kenya,Turkey
Kenya,Uganda
Kenya,Zambia
Kenya,Zimbabwe
Kiribati,Fiji
Kosovo,Albania
Kosovo,Armenia
Kosovo,Belgium
Kosovo,Bulgaria
Kosovo,Croatia
Kosovo,Estonia
Kosovo,Germany
Kosovo,Kosovo
Kosovo,Latvia
Kosovo,Netherlands
Kosovo,North Macedonia
Kosovo,Norway
Kosovo,Poland
Kosovo,Slovenia
Kosovo,Turkey
Kosovo,Wales
Kuwait,Jordan
Kuwait,United Arab Emirates
Kyrgyzstan,Bahrain
Kyrgyzstan,Kazakhstan
Kyrgyzstan,Kyrgyzstan
Kyrgyzstan,Malaysia
Kyrgyzstan,Nepal
Kyrgyzstan,Tajikistan
Kyrgyzstan,Uzbekistan
Kyrgyzstan,Vietnam
Laos,Bahrain
Laos,Cambodia
Laos,Laos
Laos,Myanmar
Laos,Philippines
Laos,Saudi Arabia
Laos,Taiwan
Laos,Thailand
Laos,United Arab Emirates
Laos,Vietnam
Latvia,Albania
Latvia,Andorra
Latvia,Austria
Latvia,Bosnia and Herzegovina
Latvia,Bulgaria
Latvia,Cyprus
Latvia,England
Latvia,Estonia
Latvia,Georgia
Latvia,Hungary
Latvia,Iceland
Latvia,Kosovo
Latvia,Latvia
Latvia,Lithuania
Latvia,Luxembourg
Latvia,Macedonia
Latvia,Malta
Latvia,Moldova
Latvia,North Macedonia
Latvia,Northern Ireland
Latvia,Slovakia
Latvia,Slovenia
Latvia,Sweden
Latvia,Turkey
Lebanon,Armenia
Lebanon,Bahrain
Lebanon,Cyprus
Lebanon,Egypt
Lebanon,Jordan
Lebanon,Kyrgyzstan
Lebanon,Lebanon
Lebanon,Nepal
Lebanon,Saudi Arabia
Lebanon,Thailand
Lebanon,United Arab Emirates
Lesotho,Botswana
Lesotho,Eswatini
Lesotho,Lesotho
Lesotho,Malawi
Lesotho,Mozambique
Lesotho,South Africa
Lesotho,Zimbabwe
Liberia,Liberia
Liberia,Mauritania
Liberia,Senegal
Liberia,Sierra Leone
Libya,Egypt
Libya,Ethiopia
Libya,Libya
Libya,Morocco
Liechtenstein,Armenia
Liechtenstein,Cyprus
Liechtenstein,Gibraltar
Liechtenstein,Kazakhstan
Liechtenstein,Liechtenstein
Liechtenstein,Luxembourg
Lithuania,Armenia
Lithuania,Azerbaijan
Lithuania,Belgium
Lithuania,Bulgaria
Lithuania,Croatia
Lithuania,Cyprus
Lithuania,Czech Republic
Lithuania,Denmark
Lithuania,Estonia
Lithuania,Georgia
Lithuania,Italy
Lithuania,Latvia
Lithuania,Lithuania
Lithuania,Luxembourg
Lithuania,Macedonia
Lithuania,Moldova
Lithuania,Montenegro
Lithuania,Romania
Lithuania,Scotland
Lithuania,Switzerland
Lithuania,Turkey
Luxembourg,Albania
Luxembourg,Armenia
Luxembourg,Austria
Luxembourg,Belgium
Luxembourg,England
Luxembourg,Estonia
Luxembourg,Faroe Islands
Luxembourg,Georgia
Luxembourg,Kazakhstan
Luxembourg,Latvia
Luxembourg,Liechtenstein
Luxembourg,Lithuania
Luxembourg,Luxembourg
Luxembourg,Macedonia
Luxembourg,Malta
Luxembourg,Moldova
Luxembourg,North Macedonia
Luxembourg,Northern Ireland
Luxembourg,Sweden
Luxembourg,Turkey
Macau,China PR
Macau,Guam
Macau,Mongolia
Macedonia,Belarus
Macedonia,Bosnia and Herzegovina
Macedonia,Czech Republic
Macedonia,Estonia
Macedonia,Greece
Macedonia,Iceland
Macedonia,Italy
Macedonia,Macedonia
Macedonia,Netherlands
Macedonia,Norway
Macedonia,Poland
Macedonia,Romania
Macedonia,Russia
Macedonia,Scotland
Macedonia,Slovakia
Macedonia,Slovenia
Macedonia,Spain
Madagascar,Réunion
Madagascar,South Africa
Madagascar,Zimbabwe
Malawi,Benin
Malawi,Ethiopia
Malawi,Kenya
Malawi,Malawi
Malawi,Mozambique
Malawi,South Africa
Malawi,Zambia
Malawi,Zimbabwe
Malaysia,Bhutan
Malaysia,Cambodia
Malaysia,Hong Kong
Malaysia,India
Malaysia,Indonesia
Malaysia,Japan
Malaysia,Laos
Malaysia,Malaysia
Malaysia,Myanmar
Malaysia,Palestine
Malaysia,Philippines
Malaysia,Saudi Arabia
Malaysia,Singapore
Malaysia,Taiwan
Malaysia,Thailand
Malaysia,United Arab Emirates
Malaysia,Vietnam
Maldives,Bangladesh
Maldives,India
Maldives,Indonesia
Maldives,Malaysia
Maldives,Nepal
Maldives,Pakistan
Maldives,Palestine
Maldives,Réunion
Maldives,South Korea
Maldives,Sri Lanka
Maldives,Tajikistan
Maldives,Thailand
Maldives,Vietnam
Mali,Algeria
Mali,Benin
Mali,Cameroon
Mali,Equatorial Guinea
Mali,Gabon
Mali,Ghana
Mali,Guinea
Mali,Ivory Coast
Mali,Mali
Mali,Mauritania
Mali,Morocco
Mali,Nigeria
Mali,Senegal
Mali,Sierra Leone
Mali,South Africa
Mali,Tanzania
Malta,Albania
Malta,Andorra
Malta,Austria
Malta,Azerbaijan
Malta,Bosnia and Herzegovina
Malta,Croatia
Malta,Cyprus
Malta,Denmark
Malta,England
Malta,Estonia
Malta,Georgia
Malta,Iceland
Malta,Israel
Malta,Italy
Malta,Latvia
Malta,Luxembourg
Malta,Malta
Malta,Moldova
Malta,Northern Ireland
Malta,Portugal
Malta,Republic of Ireland
Malta,Romania
Malta,Serbia
Malta,Slovenia
Malta,Spain
Malta,Switzerland
Malta,Turkey
Martinique,Canada
Martinique,El Salvador
Martinique,Haiti
Martinique,Honduras
Martinique,Martinique
Martinique,Nicaragua
Martinique,United States
Mauritania,Cape Verde
Mauritania,Guinea-Bissau
Mauritania,Mauritania
Mauritius,Botswana
Mauritius,Mauritius
Mauritius,Réunion
Mauritius,Saudi Arabia
Mauritius,South Africa
Mauritius,Zimbabwe
Mayotte,Réunion
Menorca,Guernsey
Menorca,Sweden
Mexico,Argentina
Mexico,Australia
Mexico,Austria
Mexico,Brazil
Mexico,Canada
Mexico,Chile
Mexico,China PR
Mexico,Colombia
Mexico,Costa Rica
Mexico,Cyprus
Mexico,Dominican Republic
Mexico,El Salvador
Mexico,France
Mexico,Germany
Mexico,Greece
Mexico,Haiti
Mexico,Honduras
Mexico,Italy
Mexico,Japan
Mexico,Mexico
Mexico,Netherlands
Mexico,Peru
Mexico,Portugal
Mexico,South Korea
Mexico,Spain
Mexico,Sweden
Mexico,Switzerland
Mexico,Turkey
Mexico,United States
Moldova,Andorra
Moldova,Azerbaijan
Moldova,Belgium
Moldova,Bulgaria
Moldova,Croatia
Moldova,Czech Republic
Moldova,Denmark
Moldova,Estonia
Moldova,FR Yugoslavia
Moldova,Faroe Islands
Moldova,Georgia
Moldova,Gibraltar
Moldova,Greece
Moldova,Israel
Moldova,Italy
Moldova,Latvia
Moldova,Lithuania
Moldova,Luxembourg
Moldova,Malta
Moldova,Moldova
Moldova,North Macedonia
Moldova,Poland
Moldova,Portugal
Moldova,Republic of Ireland
Moldova,Romania
Moldova,Slovakia
Moldova,Slovenia
Moldova,Spain
Moldova,Sweden
Moldova,Switzerland
Moldova,Turkey
Moldova,Wales
Mongolia,China PR
Mongolia,Guam
Mongolia,Mongolia
Mongolia,Tajikistan
Mongolia,Thailand
Mongolia,Uzbekistan
Montenegro,Andorra
Montenegro,Azerbaijan
Montenegro,Belarus
Montenegro,Bosnia and Herzegovina
Montenegro,Croatia
Montenegro,Cyprus
Montenegro,Denmark
Montenegro,England
Montenegro,Faroe Islands
Montenegro,Finland
Montenegro,Georgia
Montenegro,Germany
Montenegro,Greece
Montenegro,Lithuania
Montenegro,Malta
Montenegro,Montenegro
Montenegro,North Macedonia
Montenegro,Northern Ireland
Montenegro,Portugal
Montenegro,Republic of Ireland
Montenegro,Spain
Montenegro,Turkey
Montenegro,Ukraine
Montenegro,Wales
Morocco,Algeria
Morocco,Australia
Morocco,Egypt
Morocco,Italy
Morocco,Ivory Coast
Morocco,Mali
Morocco,Malta
Morocco,Morocco
Morocco,Nigeria
Morocco,Romania
Morocco,Senegal
Morocco,South Africa
Morocco,Spain
Morocco,Switzerland
Morocco,Tunisia
Morocco,Turkey
Morocco,Zambia
Mozambique,Ivory Coast
Mozambique,Lesotho
Mozambique,Malawi
Mozambique,Mozambique
Mozambique,South Africa
Mozambique,Zimbabwe
Myanmar,Australia
Myanmar,Cambodia
Myanmar,China PR
Myanmar,India
Myanmar,Indonesia
Myanmar,Japan
Myanmar,Kyrgyzstan
Myanmar,Laos
Myanmar,Malaysia
Myanmar,Myanmar
Myanmar,Nepal
Myanmar,Palestine
Myanmar,Philippines
Myanmar,South Korea
Myanmar,Taiwan
Myanmar,Thailand
Myanmar,Vietnam
Namibia,Angola
Namibia,Botswana
Namibia,Equatorial Guinea
Namibia,Eswatini
Namibia,Liechtenstein
Namibia,Morocco
Namibia,Mozambique
Namibia,Namibia
Namibia,Nigeria
Namibia,South Africa
Namibia,Tanzania
Namibia,Zambia
Namibia,Zimbabwe
Nepal,Bangladesh
Nepal,China PR
Nepal,Hong Kong
Nepal,India
Nepal,Myanmar
Nepal,Nepal
Nepal,Pakistan
Nepal,Philippines
Nepal,Saudi Arabia
Nepal,Sri Lanka
Nepal,Thailand
Nepal,Uzbekistan
Netherlands Antilles,Aruba
Netherlands Antilles,Cayman Islands
Netherlands Antilles,Netherlands Antilles
Netherlands,Albania
Netherlands,Australia
Netherlands,Austria
Netherlands,Belarus
Netherlands,Belgium
Netherlands,Brazil
Netherlands,Canada
Netherlands,China PR
Netherlands,Croatia
Netherlands,Cyprus
Netherlands,Czech Republic
Netherlands,Denmark
Netherlands,England
Netherlands,Estonia
Netherlands,Finland
Netherlands,France
Netherlands,Germany
Netherlands,Greece
Netherlands,Hungary
Netherlands,Iceland
Netherlands,Italy
Netherlands,Japan
Netherlands,Kosovo
Netherlands,Macedonia
Netherlands,Malta
Netherlands,Netherlands
Netherlands,New Zealand
Netherlands,Northern Ireland
Netherlands,Norway
Netherlands,Portugal
Netherlands,Republic of Ireland
Netherlands,Romania
Netherlands,Russia
Netherlands,Scotland
Netherlands,Serbia
Netherlands,Slovakia
Netherlands,Slovenia
Netherlands,South Africa
Netherlands,South Korea
Netherlands,Spain
Netherlands,Sweden
Netherlands,Switzerland
Netherlands,Turkey
Netherlands,United States
Netherlands,Wales
New Caledonia,Fiji
New Caledonia,New Caledonia
New Caledonia,Samoa
New Caledonia,Solomon Islands
New Zealand,Australia
New Zealand,Brazil
New Zealand,Canada
New Zealand,Chile
New Zealand,China PR
New Zealand,Colombia
New Zealand,Costa Rica
New Zealand,Cyprus
New Zealand,England
New Zealand,France
New Zealand,Germany
New Zealand,Hong Kong
New Zealand,Japan
New Zealand,Netherlands
New Zealand,New Caledonia
New Zealand,New Zealand
New Zealand,Norway
New Zealand,Papua New Guinea
New Zealand,Portugal
New Zealand,Samoa
New Zealand,South Korea
New Zealand,Spain
New Zealand,Switzerland
New Zealand,Taiwan
New Zealand,Turkey
New Zealand,United States
New Zealand,Wales
Nicaragua,Brazil
Nicaragua,Colombia
Nicaragua,Costa Rica
Nicaragua,El Salvador
Nicaragua,Guatemala
Nicaragua,Guyana
Nicaragua,Honduras
Nicaragua,Martinique
Nicaragua,Mexico
Nicaragua,Nicaragua
Nicaragua,Panama
Nicaragua,Trinidad and Tobago
Nicaragua,United States
Nicaragua,Venezuela
Niger,Ivory Coast
Niger,Niger
Niger,Senegal
Nigeria,Algeria
Nigeria,Australia
Nigeria,Cameroon
Nigeria,Canada
Nigeria,China PR
Nigeria,Congo
Nigeria,Cyprus
Nigeria,Equatorial Guinea
Nigeria,Ethiopia
Nigeria,France
Nigeria,Gambia
Nigeria,Germany
Nigeria,Ghana
Nigeria,Greece
Nigeria,Guinea
Nigeria,Ivory Coast
Nigeria,Japan
Nigeria,Mexico
Nigeria,Morocco
Nigeria,Namibia
Nigeria,Nigeria
Nigeria,Portugal
Nigeria,Rwanda
Nigeria,Senegal
Nigeria,Sierra Leone
Nigeria,South Africa
Nigeria,Spain
Nigeria,Sweden
Nigeria,Turkey
Nigeria,United States
Nigeria,Zimbabwe
North Korea,Australia
North Korea,China PR
North Korea,Cyprus
North Korea,England
North Korea,Germany
North Korea,Hong Kong
North Korea,Indonesia
North Korea,Japan
North Korea,Malaysia
North Korea,New Zealand
North Korea,North Korea
North Korea,Philippines
North Korea,Portugal
North Korea,Qatar
North Korea,Russia
North Korea,Saudi Arabia
North Korea,Scotland
North Korea,South Korea
North Korea,Taiwan
North Korea,Thailand
North Korea,United States
North Korea,Vietnam
North Macedonia,Albania
North Macedonia,Austria
North Macedonia,Bulgaria
North Macedonia,England
North Macedonia,France
North Macedonia,Georgia
North Macedonia,Kazakhstan
North Macedonia,Kosovo
North Macedonia,Latvia
North Macedonia,Luxembourg
North Macedonia,Moldova
North Macedonia,Montenegro
North Macedonia,North Macedonia
North Macedonia,Northern Ireland
North Macedonia,Serbia
North Macedonia,Slovenia
North Macedonia,Turkey
Northern Ireland,Albania
Northern Ireland,Austria
Northern Ireland,Belarus
Northern Ireland,Belgium
Northern Ireland,Bosnia and Herzegovina
Northern Ireland,Bulgaria
Northern Ireland,Croatia
Northern Ireland,Cyprus
Northern Ireland,Czech Republic
Northern Ireland,England
Northern Ireland,Estonia
Northern Ireland,Faroe Islands
Northern Ireland,France
Northern Ireland,Georgia
Northern Ireland,Hungary
Northern Ireland,Iceland
Northern Ireland,Italy
Northern Ireland,Kazakhstan
Northern Ireland,Latvia
Northern Ireland,Luxembourg
Northern Ireland,Malta
Northern Ireland,Montenegro
Northern Ireland,Netherlands
Northern Ireland,North Macedonia
Northern Ireland,Northern Ireland
Northern Ireland,Norway
Northern Ireland,Poland
Northern Ireland,Portugal
Northern Ireland,Republic of Ireland
Northern Ireland,Romania
Northern Ireland,Scotland
Northern Ireland,Serbia
Northern Ireland,Slovakia
Northern Ireland,Spain
Northern Ireland,Sweden
Northern Ireland,Switzerland
Northern Ireland,Turkey
Northern Ireland,Ukraine
Northern Ireland,Wales
Northern Mariana Islands,China PR
Northern Mariana Islands,Guam
Northern Mariana Islands,Mongolia
Northern Mariana Islands,Northern Mariana Islands
Northern Mariana Islands,Taiwan
Norway,Albania
Norway,Armenia
Norway,Australia
Norway,Austria
Norway,Belarus
Norway,Belgium
Norway,Bulgaria
Norway,Canada
Norway,China PR
Norway,Croatia
Norway,Czech Republic
Norway,Denmark
Norway,England
Norway,Faroe Islands
Norway,Finland
Norway,France
Norway,Germany
Norway,Greece
Norway,Hungary
Norway,Iceland
Norway,Israel
Norway,Italy
Norway,Japan
Norway,Kazakhstan
Norway,Kosovo
Norway,Macedonia
Norway,Netherlands
Norway,New Zealand
Norway,Northern Ireland
Norway,Norway
Norway,Poland
Norway,Portugal
Norway,Republic of Ireland
Norway,Russia
Norway,Serbia and Montenegro
Norway,Slovakia
Norway,Spain
Norway,Sweden
Norway,Switzerland
Norway,Ukraine
Norway,United States
Norway,Wales
Orkney,Scotland
Pakistan,Bangladesh
Pakistan,Nepal
Pakistan,Pakistan
Pakistan,Qatar
Pakistan,Saudi Arabia
Pakistan,Sri Lanka
Pakistan,Tajikistan
Palestine,Bahrain
Palestine,Egypt
Palestine,Jordan
Palestine,Lebanon
Palestine,Malaysia
Palestine,Palestine
Palestine,Qatar
Palestine,Saudi Arabia
Palestine,United Arab Emirates
Panama,Argentina
Panama,Australia
Panama,Belize
Panama,Brazil
Panama,Colombia
Panama,Costa Rica
Panama,El Salvador
Panama,Guatemala
Panama,Jamaica
Panama,Japan
Panama,Mexico
Panama,New Zealand
Panama,Nicaragua
Panama,Panama
Panama,Peru
Panama,Spain
Panama,Trinidad and Tobago
Panama,United States
Panama,Venezuela
Papua New Guinea,Australia
Papua New Guinea,Fiji
Papua New Guinea,New Caledonia
Papua New Guinea,New Zealand
Papua New Guinea,Papua New Guinea
Papua New Guinea,Samoa
Papua New Guinea,Solomon Islands
Papua New Guinea,Tonga
Paraguay,Argentina
Paraguay,Brazil
Paraguay,Chile
Paraguay,Colombia
Paraguay,Ecuador
Paraguay,Japan
Paraguay,New Zealand
Paraguay,Panama
Paraguay,Paraguay
Paraguay,Peru
Paraguay,United States
Peru,Argentina
Peru,Bolivia
Peru,Chile
Peru,Colombia
Peru,Costa Rica
Peru,Ecuador
Peru,El Salvador
Peru,Mexico
Peru,Nicaragua
Peru,Paraguay
Peru,Peru
Peru,Uruguay
Philippines,Australia
Philippines,Bangladesh
Philippines,Cambodia
Philippines,Chile
Philippines,China PR
Philippines,Costa Rica
Philippines,Hong Kong
Philippines,India
Philippines,Indonesia
Philippines,Jordan
Philippines,Laos
Philippines,Malaysia
Philippines,Myanmar
Philippines,New Zealand
Philippines,Philippines
Philippines,Qatar
Philippines,South Korea
Philippines,Spain
Philippines,Taiwan
Philippines,Tajikistan
Philippines,Thailand
Philippines,Turkey
Philippines,United Arab Emirates
Philippines,United States
Philippines,Uzbekistan
Philippines,Vietnam
Poland,Albania
Poland,Armenia
Poland,Austria
Poland,Azerbaijan
Poland,Belarus
Poland,Belgium
Poland,Bosnia and Herzegovina
Poland,Croatia
Poland,Cyprus
Poland,Czech Republic
Poland,Czechoslovakia
Poland,Denmark
Poland,Estonia
Poland,Faroe Islands
Poland,Finland
Poland,France
Poland,Germany
Poland,Greece
Poland,Hungary
Poland,Iceland
Poland,Israel
Poland,Italy
Poland,Kosovo
Poland,Macedonia
Poland,Moldova
Poland,Netherlands
Poland,Northern Ireland
Poland,Norway
Poland,Poland
Poland,Portugal
Poland,Republic of Ireland
Poland,Romania
Poland,Russia
Poland,Scotland
Poland,Serbia
Poland,Slovakia
Poland,Spain
Poland,Sweden
Poland,Switzerland
Poland,Turkey
Poland,Ukraine
Poland,Wales
Portugal,Albania
Portugal,Armenia
Portugal,Austria
Portugal,Azerbaijan
Portugal,Belarus
Portugal,Belgium
Portugal,Bosnia and Herzegovina
Portugal,Brazil
Portugal,Bulgaria
Portugal,China PR
Portugal,Croatia
Portugal,Cyprus
Portugal,Czech Republic
Portugal,Denmark
Portugal,England
Portugal,Finland
Portugal,France
Portugal,Germany
Portugal,Greece
Portugal,Iceland
Portugal,Israel
Portugal,Italy
Portugal,Malta
Portugal,Moldova
Portugal,Montenegro
Portugal,Netherlands
Portugal,New Zealand
Portugal,Northern Ireland
Portugal,Norway
Portugal,Portugal
Portugal,Republic of Ireland
Portugal,Romania
Portugal,Russia
Portugal,Scotland
Portugal,Serbia
Portugal,Slovakia
Portugal,Slovenia
Portugal,Spain
Portugal,Sweden
Portugal,Switzerland
Portugal,Turkey
Portugal,Ukraine
Portugal,United States
Prince Edward Island,Greece
Puerto Rico,Anguilla
Puerto Rico,Canada
Puerto Rico,Cayman Islands
Puerto Rico,Dominican Republic
Puerto Rico,El Salvador
Puerto Rico,Guatemala
Puerto Rico,Haiti
Puerto Rico,Jamaica
Puerto Rico,Mexico
Puerto Rico,Puerto Rico
Puerto Rico,Trinidad and Tobago
Puerto Rico,Turkey
Puerto Rico,United States
Puerto Rico,Venezuela
Qatar,Jordan
Republic of Ireland,Albania
Republic of Ireland,Australia
Republic of Ireland,Belarus
Republic of Ireland,Belgium
Republic of Ireland,Bosnia and Herzegovina
Republic of Ireland,Croatia
Republic of Ireland,Cyprus
Republic of Ireland,Czech Republic
Republic of Ireland,England
Republic of Ireland,FR Yugoslavia
Republic of Ireland,Faroe Islands
Republic of Ireland,Finland
Republic of Ireland,France
Republic of Ireland,Georgia
Republic of Ireland,Germany
Republic of Ireland,Greece
Republic of Ireland,Hungary
Republic of Ireland,Iceland
Republic of Ireland,Israel
Republic of Ireland,Italy
Republic of Ireland,Kazakhstan
Republic of Ireland,Malta
Republic of Ireland,Moldova
Republic of Ireland,Montenegro
Republic of Ireland,Netherlands
Republic of Ireland,Northern Ireland
Republic of Ireland,Norway
Republic of Ireland,Poland
Republic of Ireland,Portugal
Republic of Ireland,Republic of Ireland
Republic of Ireland,Romania
Republic of Ireland,Russia
Republic of Ireland,Scotland
Republic of Ireland,Slovakia
Republic of Ireland,Slovenia
Republic of Ireland,Spain
Republic of Ireland,Sweden
Republic of Ireland,Switzerland
Republic of Ireland,Turkey
Republic of Ireland,Ukraine
Republic of Ireland,United States
Republic of Ireland,Wales
Réunion,Egypt
Réunion,Réunion
Réunion,South Africa
Rhodes,Greece
Rhodes,Guernsey
Romania,Albania
Romania,Armenia
Romania,Belarus
Romania,Belgium
Romania,Bosnia and Herzegovina
Romania,Bulgaria
Romania,China PR
Romania,Croatia
Romania,Cyprus
Romania,Czech Republic
Romania,Denmark
Romania,England
Romania,Estonia
Romania,Finland
Romania,France
Romania,Germany
Romania,Greece
Romania,Hungary
Romania,Iceland
Romania,Israel
Romania,Italy
Romania,Kazakhstan
Romania,Lithuania
Romania,Macedonia
Romania,Malta
Romania,Moldova
Romania,Netherlands
Romania,Northern Ireland
Romania,Poland
Romania,Portugal
Romania,Republic of Ireland
Romania,Romania
Romania,Russia
Romania,Slovakia
Romania,Slovenia
Romania,Spain
Romania,Sweden
Romania,Switzerland
Romania,Turkey
Romania,Ukraine
Romania,United States
Russia,Austria
Russia,Belarus
Russia,Belgium
Russia,Bosnia and Herzegovina
Russia,Brazil
Russia,Bulgaria
Russia,China PR
Russia,Croatia
Russia,Cyprus
Russia,Denmark
Russia,England
Russia,FR Yugoslavia
Russia,Finland
Russia,France
Russia,Germany
Russia,Greece
Russia,Hungary
Russia,Iceland
Russia,Israel
Russia,Italy
Russia,Kazakhstan
Russia,Latvia
Russia,Macedonia
Russia,Netherlands
Russia,North Macedonia
Russia,Norway
Russia,Poland
Russia,Portugal
Russia,Republic of Ireland
Russia,Romania
Russia,Russia
Russia,Scotland
Russia,Serbia
Russia,Slovakia
Russia,Slovenia
Russia,Spain
Russia,Sweden
Russia,Switzerland
Russia,Turkey
Russia,Ukraine
Russia,United Arab Emirates
Russia,United States
Russia,Uruguay
Russia,Wales
Rwanda,Egypt
Rwanda,Kenya
Rwanda,Nigeria
Rwanda,Rwanda
Rwanda,Uganda
Saare County,Isle of Wight
Saint Kitts and Nevis,Costa Rica
Saint Kitts and Nevis,Dominican Republic
Saint Kitts and Nevis,Guatemala
Saint Kitts and Nevis,Jamaica
Saint Kitts and Nevis,Puerto Rico
Saint Kitts and Nevis,Saint Kitts and Nevis
Saint Kitts and Nevis,Trinidad and Tobago
Saint Kitts and Nevis,United States
Saint Lucia,Antigua and Barbuda
Saint Lucia,Cuba
Saint Lucia,Guadeloupe
Saint Lucia,Haiti
Saint Lucia,Jamaica
Saint Lucia,Saint Lucia
Saint Lucia,Saint Vincent and the Grenadines
Saint Lucia,Trinidad and Tobago
Saint Vincent and the Grenadines,Antigua and Barbuda
Saint Vincent and the Grenadines,Barbados
Saint Vincent and the Grenadines,Bermuda
Saint Vincent and the Grenadines,Cuba
Saint Vincent and the Grenadines,Dominican Republic
Saint Vincent and the Grenadines,Guyana
Saint Vincent and the Grenadines,Honduras
Saint Vincent and the Grenadines,Saint Vincent and the Grenadines
Saint Vincent and the Grenadines,Suriname
Saint Vincent and the Grenadines,Trinidad and Tobago
Samoa,Australia
Samoa,Fiji
Samoa,New Caledonia
Samoa,New Zealand
Samoa,Samoa
Samoa,Solomon Islands
Samoa,Tonga
São Tomé and Príncipe,Gabon
São Tomé and Príncipe,São Tomé and Príncipe
São Tomé and Príncipe,Togo
Sápmi,India
Sápmi,Norway
Saudi Arabia,Qatar
Saudi Arabia,Saudi Arabia
Saudi Arabia,Spain
Saudi Arabia,United Arab Emirates
Scotland,Albania
Scotland,Australia
Scotland,Austria
Scotland,Belarus
Scotland,Belgium
Scotland,Bosnia and Herzegovina
Scotland,Brazil
Scotland,Bulgaria
Scotland,Croatia
Scotland,Cyprus
Scotland,Czech Republic
Scotland,Denmark
Scotland,England
Scotland,Estonia
Scotland,Faroe Islands
Scotland,Finland
Scotland,France
Scotland,Georgia
Scotland,Germany
Scotland,Greece
Scotland,Hungary
Scotland,Iceland
Scotland,Israel
Scotland,Italy
Scotland,Lithuania
Scotland,Macedonia
Scotland,Netherlands
Scotland,Northern Ireland
Scotland,Poland
Scotland,Portugal
Scotland,Republic of Ireland
Scotland,Russia
Scotland,Scotland
Scotland,Serbia
Scotland,Slovakia
Scotland,Slovenia
Scotland,Spain
Scotland,Sweden
Scotland,Switzerland
Scotland,Ukraine
Scotland,United States
Scotland,Wales
Senegal,Algeria
Senegal,Cameroon
Senegal,Cape Verde
Senegal,DR Congo
Senegal,Equatorial Guinea
Senegal,Ghana
Senegal,Guinea
Senegal,Ivory Coast
Senegal,Liberia
Senegal,Mali
Senegal,Mauritania
Senegal,Morocco
Senegal,New Zealand
Senegal,Nigeria
Senegal,Senegal
Senegal,Sierra Leone
Senegal,Tunisia
Serbia and Montenegro,Finland
Serbia and Montenegro,Greece
Serbia and Montenegro,Italy
Serbia and Montenegro,Norway
Serbia and Montenegro,Serbia and Montenegro
Serbia and Montenegro,Sweden
Serbia and Montenegro,Switzerland
Serbia and Montenegro,Ukraine
Serbia,Austria
Serbia,Belgium
Serbia,Bosnia and Herzegovina
Serbia,Bulgaria
Serbia,Croatia
Serbia,Denmark
Serbia,England
Serbia,Estonia
Serbia,Finland
Serbia,France
Serbia,Germany
Serbia,Greece
Serbia,Hungary
Serbia,Iceland
Serbia,Israel
Serbia,Italy
Serbia,Kazakhstan
Serbia,Malta
Serbia,Netherlands
Serbia,North Macedonia
Serbia,Northern Ireland
Serbia,Poland
Serbia,Portugal
Serbia,Scotland
Serbia,Serbia
Serbia,Slovakia
Serbia,Slovenia
Serbia,Spain
Serbia,Sweden
Serbia,Switzerland
Serbia,Turkey
Seychelles,Malawi
Seychelles,Réunion
Seychelles,South Africa
Seychelles,Tanzania
Shetland Islands,Scotland
Shetland,Shetland
Sierra Leone,Cape Verde
Sierra Leone,Gambia
Sierra Leone,Guinea
Sierra Leone,Liberia
Sierra Leone,Mauritania
Sierra Leone,Nigeria
Sierra Leone,Sierra Leone
Sierra Leone,Togo
Singapore,Cambodia
Singapore,China PR
Singapore,Hong Kong
Singapore,Indonesia
Singapore,Japan
Singapore,Laos
Singapore,Malaysia
Singapore,Myanmar
Singapore,Philippines
Singapore,Singapore
Singapore,Taiwan
Singapore,Tajikistan
Singapore,Thailand
Singapore,United Arab Emirates
Singapore,Vietnam
Slovakia,Armenia
Slovakia,Austria
Slovakia,Belarus
Slovakia,Belgium
Slovakia,Bosnia and Herzegovina
Slovakia,Croatia
Slovakia,Cyprus
Slovakia,Denmark
Slovakia,Estonia
Slovakia,Faroe Islands
Slovakia,Finland
Slovakia,Georgia
Slovakia,Germany
Slovakia,Gibraltar
Slovakia,Greece
Slovakia,Hungary
Slovakia,Iceland
Slovakia,Israel
Slovakia,Kazakhstan
Slovakia,Latvia
Slovakia,Luxembourg
Slovakia,Macedonia
Slovakia,Malta
Slovakia,Moldova
Slovakia,Netherlands
Slovakia,Northern Ireland
Slovakia,Norway
Slovakia,Poland
Slovakia,Portugal
Slovakia,Republic of Ireland
Slovakia,Romania
Slovakia,Russia
Slovakia,Scotland
Slovakia,Serbia
Slovakia,Slovakia
Slovakia,Slovenia
Slovakia,Spain
Slovakia,Sweden
Slovakia,Turkey
Slovakia,Ukraine
Slovakia,Wales
Slovenia,Armenia
Slovenia,Australia
Slovenia,Austria
Slovenia,Belarus
Slovenia,Belgium
Slovenia,Bosnia and Herzegovina
Slovenia,Croatia
Slovenia,Czech Republic
Slovenia,England
Slovenia,Estonia
Slovenia,Faroe Islands
Slovenia,Finland
Slovenia,France
Slovenia,Germany
Slovenia,Greece
Slovenia,Hungary
Slovenia,Iceland
Slovenia,Italy
Slovenia,Kazakhstan
Slovenia,Kosovo
Slovenia,Latvia
Slovenia,Macedonia
Slovenia,Malta
Slovenia,Moldova
Slovenia,Netherlands
Slovenia,North Macedonia
Slovenia,Portugal
Slovenia,Republic of Ireland
Slovenia,Russia
Slovenia,Scotland
Slovenia,Serbia
Slovenia,Slovakia
Slovenia,Slovenia
Slovenia,Spain
Slovenia,Turkey
Slovenia,Ukraine
Slovenia,Wales
Solomon Islands,Australia
Solomon Islands,Fiji
Solomon Islands,New Caledonia
Solomon Islands,New Zealand
Solomon Islands,Papua New Guinea
Solomon Islands,Samoa
Solomon Islands,Solomon Islands
South Africa,Algeria
South Africa,Angola
South Africa,Australia
South Africa,Botswana
South Africa,Brazil
South Africa,Cameroon
South Africa,Comoros
South Africa,Congo
South Africa,Costa Rica
South Africa,Cyprus
South Africa,DR Congo
South Africa,Denmark
South Africa,England
South Africa,Equatorial Guinea
South Africa,Eswatini
South Africa,France
South Africa,Gabon
South Africa,Ghana
South Africa,Jamaica
South Africa,Japan
South Africa,Kenya
South Africa,Lesotho
South Africa,Morocco
South Africa,Mozambique
South Africa,Namibia
South Africa,Netherlands
South Africa,New Zealand
South Africa,Nigeria
South Africa,Senegal
South Africa,Serbia
South Africa,South Africa
South Africa,Tanzania
South Africa,Turkey
South Africa,United States
South Africa,Wales
South Africa,Zambia
South Africa,Zimbabwe
South Korea,Australia
South Korea,Canada
South Korea,China PR
South Korea,Cyprus
South Korea,England
South Korea,France
South Korea,Guam
South Korea,Hong Kong
South Korea,India
South Korea,Indonesia
South Korea,Japan
South Korea,Jordan
South Korea,Malaysia
South Korea,New Zealand
South Korea,North Korea
South Korea,Philippines
South Korea,Portugal
South Korea,Qatar
South Korea,South Korea
South Korea,Spain
South Korea,Sweden
South Korea,Taiwan
South Korea,Thailand
South Korea,United Arab Emirates
South Korea,United States
South Korea,Uzbekistan
South Korea,Vietnam
South Sudan,Algeria
South Sudan,Kenya
South Sudan,South Africa
South Sudan,South Sudan
South Sudan,Tanzania
South Sudan,Uganda
Spain,Australia
Spain,Austria
Spain,Azerbaijan
Spain,Belarus
Spain,Belgium
Spain,Bulgaria
Spain,Canada
Spain,Cyprus
Spain,Czech Republic
Spain,Czechoslovakia
Spain,Denmark
Spain,England
Spain,Estonia
Spain,Faroe Islands
Spain,Finland
Spain,France
Spain,Germany
Spain,Hungary
Spain,Iceland
Spain,Israel
Spain,Italy
Spain,Kazakhstan
Spain,Macedonia
Spain,Malta
Spain,Moldova
Spain,Montenegro
Spain,Netherlands
Spain,New Zealand
Spain,Northern Ireland
Spain,Norway
Spain,Poland
Spain,Portugal
Spain,Republic of Ireland
Spain,Romania
Spain,Russia
Spain,Scotland
Spain,Serbia
Spain,Slovenia
Spain,Spain
Spain,Sweden
Spain,Switzerland
Spain,Turkey
Spain,Ukraine
Spain,United States
Sri Lanka,Bangladesh
Sri Lanka,India
Sri Lanka,Myanmar
Sri Lanka,Nepal
Sri Lanka,Pakistan
Sri Lanka,Saudi Arabia
Sri Lanka,Sri Lanka
Sudan,Algeria
Sudan,Egypt
Suriname,Antigua and Barbuda
Suriname,Aruba
Suriname,Dominica
Suriname,Guyana
Suriname,Haiti
Suriname,Mexico
Suriname,Puerto Rico
Suriname,Suriname
Suriname,Trinidad and Tobago
Surrey,England
Sweden,Australia
Sweden,Austria
Sweden,Azerbaijan
Sweden,Belarus
Sweden,Belgium
Sweden,Bosnia and Herzegovina
Sweden,Brazil
Sweden,Canada
Sweden,China PR
Sweden,Croatia
Sweden,Czech Republic
Sweden,Denmark
Sweden,England
Sweden,Faroe Islands
Sweden,Finland
Sweden,France
Sweden,Georgia
Sweden,Germany
Sweden,Greece
Sweden,Hungary
Sweden,Iceland
Sweden,Italy
Sweden,Japan
Sweden,Latvia
Sweden,Luxembourg
Sweden,Malta
Sweden,Moldova
Sweden,Netherlands
Sweden,New Zealand
Sweden,Northern Ireland
Sweden,Norway
Sweden,Poland
Sweden,Portugal
Sweden,Republic of Ireland
Sweden,Romania
Sweden,Scotland
Sweden,Serbia
Sweden,Serbia and Montenegro
Sweden,Slovakia
Sweden,South Africa
Sweden,Spain
Sweden,Sweden
Sweden,Switzerland
Sweden,Ukraine
Sweden,United States
Sweden,Wales
Switzerland,Albania
Switzerland,Austria
Switzerland,Azerbaijan
Switzerland,Belarus
Switzerland,Belgium
Switzerland,Canada
Switzerland,Croatia
Switzerland,Cyprus
Switzerland,Czech Republic
Switzerland,Denmark
Switzerland,England
Switzerland,FR Yugoslavia
Switzerland,Finland
Switzerland,France
Switzerland,Georgia
Switzerland,Germany
Switzerland,Greece
Switzerland,Hungary
Switzerland,Iceland
Switzerland,Israel
Switzerland,Italy
Switzerland,Japan
Switzerland,Kazakhstan
Switzerland,Lithuania
Switzerland,Malta
Switzerland,Moldova
Switzerland,Netherlands
Switzerland,New Zealand
Switzerland,Northern Ireland
Switzerland,Norway
Switzerland,Poland
Switzerland,Portugal
Switzerland,Republic of Ireland
Switzerland,Romania
Switzerland,Russia
Switzerland,Scotland
Switzerland,Serbia
Switzerland,Serbia and Montenegro
Switzerland,Spain
Switzerland,Sweden
Switzerland,Switzerland
Switzerland,Turkey
Switzerland,United States
Switzerland,Wales
Syria,Egypt
Syria,Jordan
Syria,Lebanon
Syria,Saudi Arabia
Syria,United Arab Emirates
Syria,Vietnam
Székely Land,Norway
Tahiti,Fiji
Tahiti,New Caledonia
Tahiti,New Zealand
Tahiti,Samoa
Tahiti,Solomon Islands
Taiwan,Australia
Taiwan,Bahrain
Taiwan,Bangladesh
Taiwan,China PR
Taiwan,Croatia
Taiwan,Guam
Taiwan,Hong Kong
Taiwan,India
Taiwan,Indonesia
Taiwan,Japan
Taiwan,Lebanon
Taiwan,Malaysia
Taiwan,Myanmar
Taiwan,New Zealand
Taiwan,North Korea
Taiwan,Palestine
Taiwan,Philippines
Taiwan,Qatar
Taiwan,South Korea
Taiwan,Spain
Taiwan,Taiwan
Taiwan,Tajikistan
Taiwan,Thailand
Taiwan,Turkey
Taiwan,United States
Taiwan,Vietnam
Tajikistan,Indonesia
Tajikistan,Saudi Arabia
Tajikistan,Tajikistan
Tajikistan,Uzbekistan
Tamil Eelam,Norway
Tanzania,Botswana
Tanzania,Cameroon
Tanzania,Congo
Tanzania,DR Congo
Tanzania,Equatorial Guinea
Tanzania,Eritrea
Tanzania,Ethiopia
Tanzania,Morocco
Tanzania,Mozambique
Tanzania,Namibia
Tanzania,Rwanda
Tanzania,South Africa
Tanzania,Tanzania
Tanzania,Tunisia
Tanzania,Uganda
Tanzania,Zambia
Tanzania,Zimbabwe
Thailand,Australia
Thailand,Bangladesh
Thailand,Cambodia
Thailand,Canada
Thailand,China PR
Thailand,Cyprus
Thailand,France
Thailand,Hong Kong
Thailand,India
Thailand,Indonesia
Thailand,Japan
Thailand,Jordan
Thailand,Laos
Thailand,Malaysia
Thailand,Mexico
Thailand,Myanmar
Thailand,New Zealand
Thailand,Palestine
Thailand,Philippines
Thailand,Qatar
Thailand,South Korea
Thailand,Taiwan
Thailand,Thailand
Thailand,United Arab Emirates
Thailand,United States
Thailand,Vietnam
Tibet,India
Timor-Leste,Indonesia
Timor-Leste,Laos
Timor-Leste,Myanmar
Timor-Leste,Philippines
Timor-Leste,Thailand
Timor-Leste,Uzbekistan
Timor-Leste,Vietnam
Togo,Congo
Togo,Gabon
Togo,Ivory Coast
Togo,Morocco
Togo,São Tomé and Príncipe
Togo,Togo
Tonga,Fiji
Tonga,New Caledonia
Tonga,New Zealand
Tonga,Papua New Guinea
Tonga,Samoa
Tonga,Solomon Islands
Tonga,Tonga
Trinidad and Tobago,Brazil
Trinidad and Tobago,Canada
Trinidad and Tobago,Colombia
Trinidad and Tobago,Costa Rica
Trinidad and Tobago,Curacao
Trinidad and Tobago,Dominican Republic
Trinidad and Tobago,Guyana
Trinidad and Tobago,Haiti
Trinidad and Tobago,Jamaica
Trinidad and Tobago,Mexico
Trinidad and Tobago,Puerto Rico
Trinidad and Tobago,Suriname
Trinidad and Tobago,Trinidad and Tobago
Trinidad and Tobago,Turks and Caicos Islands
Trinidad and Tobago,United States
Trinidad and Tobago,Venezuela
Tunisia,Algeria
Tunisia,Burkina Faso
Tunisia,Egypt
Tunisia,Equatorial Guinea
Tunisia,Ghana
Tunisia,Kenya
Tunisia,Morocco
Tunisia,Tunisia
Turkey,Albania
Turkey,Austria
Turkey,Azerbaijan
Turkey,Belarus
Turkey,Bosnia and Herzegovina
Turkey,Bulgaria
Turkey,Croatia
Turkey,England
Turkey,Estonia
Turkey,FR Yugoslavia
Turkey,Faroe Islands
Turkey,Georgia
Turkey,Germany
Turkey,Greece
Turkey,Hungary
Turkey,Israel
Turkey,Kazakhstan
Turkey,Kosovo
Turkey,Lithuania
Turkey,Luxembourg
Turkey,Malta
Turkey,Moldova
Turkey,Montenegro
Turkey,Netherlands
Turkey,Portugal
Turkey,Republic of Ireland
Turkey,Romania
Turkey,Russia
Turkey,Serbia
Turkey,Slovakia
Turkey,Slovenia
Turkey,Spain
Turkey,Switzerland
Turkey,Turkey
Turkey,Ukraine
Turkey,Wales
Turkmenistan,Tajikistan
Turkmenistan,Turkey
Turks and Caicos Islands,Aruba
Turks and Caicos Islands,Belize
Turks and Caicos Islands,Bonaire
Turks and Caicos Islands,Dominica
Turks and Caicos Islands,Dominican Republic
Turks and Caicos Islands,Nicaragua
Turks and Caicos Islands,Turks and Caicos Islands
U.S. Virgin Islands,Dominican Republic
U.S. Virgin Islands,Jamaica
Uganda,Algeria
Uganda,Cameroon
Uganda,DR Congo
Uganda,Egypt
Uganda,Ethiopia
Uganda,Kenya
Uganda,Morocco
Uganda,Rwanda
Uganda,South Africa
Uganda,Tanzania
Uganda,Uganda
Ukraine,Albania
Ukraine,Belarus
Ukraine,Belgium
Ukraine,Bosnia and Herzegovina
Ukraine,Bulgaria
Ukraine,China PR
Ukraine,Croatia
Ukraine,Czech Republic
Ukraine,Denmark
Ukraine,England
Ukraine,Estonia
Ukraine,Faroe Islands
Ukraine,Finland
Ukraine,France
Ukraine,Germany
Ukraine,Greece
Ukraine,Hungary
Ukraine,Iceland
Ukraine,Italy
Ukraine,Japan
Ukraine,Kosovo
Ukraine,Moldova
Ukraine,Montenegro
Ukraine,North Macedonia
Ukraine,Northern Ireland
Ukraine,Norway
Ukraine,Poland
Ukraine,Portugal
Ukraine,Republic of Ireland
Ukraine,Romania
Ukraine,Russia
Ukraine,Scotland
Ukraine,Serbia
Ukraine,Serbia and Montenegro
Ukraine,Slovakia
Ukraine,Slovenia
Ukraine,Spain
Ukraine,Sweden
Ukraine,Turkey
Ukraine,Ukraine
Ukraine,Wales
United Arab Emirates,Bahrain
United Arab Emirates,Cyprus
United Arab Emirates,Kyrgyzstan
United Arab Emirates,Tajikistan
United Arab Emirates,United Arab Emirates
United States Virgin Islands,Antigua and Barbuda
United States Virgin Islands,Bahamas
United States Virgin Islands,British Virgin Islands
United States Virgin Islands,Dominican Republic
United States Virgin Islands,Grenada
United States Virgin Islands,Guatemala
United States Virgin Islands,Saint Kitts and Nevis
United States Virgin Islands,Suriname
United States Virgin Islands,Trinidad and Tobago
United States Virgin Islands,United States Virgin Islands
United States,Australia
United States,Brazil
United States,Canada
United States,China PR
United States,Costa Rica
United States,England
United States,France
United States,Germany
United States,Greece
United States,Haiti
United States,Italy
United States,Japan
United States,Mexico
United States,Netherlands
United States,New Zealand
United States,Norway
United States,Portugal
United States,Scotland
United States,South Korea
United States,Spain
United States,Sweden
United States,Taiwan
United States,United States
Uruguay,Argentina
Uruguay,Brazil
Uruguay,Chile
Uruguay,Colombia
Uruguay,Ecuador
Uruguay,France
Uruguay,Mexico
Uruguay,Paraguay
Uruguay,Uruguay
Uruguay,Venezuela
Uzbekistan,Australia
Uzbekistan,Bangladesh
Uzbekistan,China PR
Uzbekistan,Hungary
Uzbekistan,India
Uzbekistan,Jordan
Uzbekistan,Malaysia
Uzbekistan,North Korea
Uzbekistan,Philippines
Uzbekistan,Taiwan
Uzbekistan,Tajikistan
Uzbekistan,Thailand
Uzbekistan,Turkey
Uzbekistan,United Arab Emirates
Uzbekistan,United States
Uzbekistan,Uzbekistan
Uzbekistan,Vietnam
Vanuatu,Australia
Vanuatu,Fiji
Vanuatu,New Zealand
Vanuatu,Samoa
Vanuatu,Solomon Islands
Vanuatu,Tonga
Venezuela,Argentina
Venezuela,Brazil
Venezuela,Chile
Venezuela,Colombia
Venezuela,Ecuador
Venezuela,El Salvador
Venezuela,Mexico
Venezuela,Spain
Venezuela,Turkey
Venezuela,Venezuela
Vietnam,Australia
Vietnam,Bahrain
Vietnam,Cambodia
Vietnam,China PR
Vietnam,France
Vietnam,Germany
Vietnam,India
Vietnam,Indonesia
Vietnam,Japan
Vietnam,Jordan
Vietnam,Laos
Vietnam,Malaysia
Vietnam,Myanmar
Vietnam,Nepal
Vietnam,New Zealand
Vietnam,Philippines
Vietnam,Qatar
Vietnam,South Korea
Vietnam,Taiwan
Vietnam,Tajikistan
Vietnam,Thailand
Vietnam,Uzbekistan
Vietnam,Vietnam
Wales,Austria
Wales,Azerbaijan
Wales,Belarus
Wales,Belgium
Wales,Bosnia and Herzegovina
Wales,Croatia
Wales,Cyprus
Wales,Czech Republic
Wales,Denmark
Wales,England
Wales,Estonia
Wales,Faroe Islands
Wales,France
Wales,Germany
Wales,Greece
Wales,Iceland
Wales,Israel
Wales,Italy
Wales,Kazakhstan
Wales,Kosovo
Wales,Macedonia
Wales,Moldova
Wales,Montenegro
Wales,Netherlands
Wales,Northern Ireland
Wales,Norway
Wales,Poland
Wales,Portugal
Wales,Republic of Ireland
Wales,Russia
Wales,Scotland
Wales,Slovakia
Wales,Slovenia
Wales,Spain
Wales,Sweden
Wales,Switzerland
Wales,Turkey
Wales,Ukraine
Wales,United States
Wales,Wales
Western Isles,Greece
Western Isles,Guernsey
Western Isles,Isle of Wight
Western Isles,Jersey
Western Isles,Scotland
Western Isles,Sweden
Western Isles,Wales
Ynys Môn,Guernsey
Ynys Môn,Isle of Man
Ynys Môn,Jersey
Ynys Môn,Scotland
Ynys Môn,Sweden
Ynys Môn,Wales
Yugoslavia,Bulgaria
Zambia,Botswana
Zambia,Cameroon
Zambia,Chile
Zambia,China PR
Zambia,Colombia
Zambia,DR Congo
Zambia,France
Zambia,Germany
Zambia,Ghana
Zambia,Japan
Zambia,Kenya
Zambia,Malawi
Zambia,Morocco
Zambia,Namibia
Zambia,New Zealand
Zambia,Republic of Ireland
Zambia,South Africa
Zambia,South Korea
Zambia,Switzerland
Zambia,Tanzania
Zambia,Turkey
Zambia,Zambia
Zambia,Zimbabwe
Zanzibar,Tanzania
Zanzibar,Uganda
Zimbabwe,Angola
Zimbabwe,Botswana
Zimbabwe,Brazil
Zimbabwe,Cameroon
Zimbabwe,Eswatini
Zimbabwe,Ivory Coast
Zimbabwe,Lesotho
Zimbabwe,Mozambique
Zimbabwe,Namibia
Zimbabwe,Nigeria
Zimbabwe,South Africa
Zimbabwe,Tanzania
Zimbabwe,Zambia
Zimbabwe,Zimbabwe
